page_id,name,urlslug,ID,ALIGN,EYE,HAIR,SEX,GSM,ALIVE,APPEARANCES,FIRST APPEARANCE,YEAR
1422,Batman (Bruce Wayne),\/wiki\/Batman_(Bruce_Wayne),Secret Identity,Good Characters,Blue Eyes,Black Hair,Male Characters,,Living Characters,3093,"1939, May",1939
23387,Superman (Clark Kent),\/wiki\/Superman_(Clark_Kent),Secret Identity,Good Characters,Blue Eyes,Black Hair,Male Characters,,Living Characters,2496,"1986, October",1986
1458,Green Lantern (Hal Jordan),\/wiki\/Green_Lantern_(Hal_Jordan),Secret Identity,Good Characters,Brown Eyes,Brown Hair,Male Characters,,Living Characters,1565,"1959, October",1959
1659,James Gordon (New Earth),\/wiki\/James_Gordon_(New_Earth),Public Identity,Good Characters,Brown Eyes,White Hair,Male Characters,,Living Characters,1316,"1987, February",1987
1576,Richard Grayson (New Earth),\/wiki\/Richard_Grayson_(New_Earth),Secret Identity,Good Characters,Blue Eyes,Black Hair,Male Characters,,Living Characters,1237,"1940, April",1940
1448,Wonder Woman (Diana Prince),\/wiki\/Wonder_Woman_(Diana_Prince),Public Identity,Good Characters,Blue Eyes,Black Hair,Female Characters,,Living Characters,1231,"1941, December",1941
1486,Aquaman (Arthur Curry),\/wiki\/Aquaman_(Arthur_Curry),Public Identity,Good Characters,Blue Eyes,Blond Hair,Male Characters,,Living Characters,1121,"1941, November",1941
1451,Timothy Drake (New Earth),\/wiki\/Timothy_Drake_(New_Earth),Secret Identity,Good Characters,Blue Eyes,Black Hair,Male Characters,,Living Characters,1095,"1989, August",1989
71760,Dinah Laurel Lance (New Earth),\/wiki\/Dinah_Laurel_Lance_(New_Earth),Public Identity,Good Characters,Blue Eyes,Blond Hair,Female Characters,,Living Characters,1075,"1969, November",1969
1380,Flash (Barry Allen),\/wiki\/Flash_(Barry_Allen),Secret Identity,Good Characters,Blue Eyes,Blond Hair,Male Characters,,Living Characters,1028,"1956, October",1956
403631,GenderTest,\/wiki\/GenderTest,Secret Identity,Good Characters,Blue Eyes,Blond Hair,Female Characters,,Living Characters,1028,"1956, October",1956
1459,Alan Scott (New Earth),\/wiki\/Alan_Scott_(New_Earth),Secret Identity,Good Characters,Blue Eyes,Blond Hair,Male Characters,,Deceased Characters,969,"1940, July",1940
1905,Barbara Gordon (New Earth),\/wiki\/Barbara_Gordon_(New_Earth),Secret Identity,Good Characters,Blue Eyes,Red Hair,Female Characters,,Living Characters,951,"1967, January",1967
1386,Jason Garrick (New Earth),\/wiki\/Jason_Garrick_(New_Earth),Public Identity,Good Characters,Blue Eyes,Brown Hair,Male Characters,,Living Characters,951,"1940, January",1940
23383,Lois Lane (New Earth),\/wiki\/Lois_Lane_(New_Earth),Public Identity,Good Characters,Blue Eyes,Black Hair,Female Characters,,Living Characters,934,"1938, June",1938
1456,Alfred Pennyworth (New Earth),\/wiki\/Alfred_Pennyworth_(New_Earth),Public Identity,Good Characters,Blue Eyes,Black Hair,Male Characters,,Living Characters,930,"1943, April",1943
1849,Carter Hall (New Earth),\/wiki\/Carter_Hall_(New_Earth),Secret Identity,Good Characters,Blue Eyes,Brown Hair,Male Characters,,Living Characters,803,"1940, January",1940
4320,Kyle Rayner (New Earth),\/wiki\/Kyle_Rayner_(New_Earth),Secret Identity,Good Characters,Green Eyes,Black Hair,Male Characters,,Living Characters,716,"1994, January",1994
1706,Raymond Palmer (New Earth),\/wiki\/Raymond_Palmer_(New_Earth),Public Identity,Good Characters,Brown Eyes,,Male Characters,,Living Characters,706,"1961, October",1961
1480,Alexander Luthor (New Earth),\/wiki\/Alexander_Luthor_(New_Earth),Public Identity,Bad Characters,Green Eyes,,Male Characters,,Living Characters,677,"1986, October",1986
1556,Roy Harper (New Earth),\/wiki\/Roy_Harper_(New_Earth),Secret Identity,Neutral Characters,Green Eyes,Red Hair,Male Characters,,Living Characters,654,"1941, November",1941
1580,Kara Zor-L (Earth-Two),\/wiki\/Kara_Zor-L_(Earth-Two),Secret Identity,Good Characters,Blue Eyes,Blond Hair,Female Characters,,Living Characters,635,"1976, February",1976
4849,Ted Grant (New Earth),\/wiki\/Ted_Grant_(New_Earth),Secret Identity,,Blue Eyes,Black Hair,Male Characters,,Living Characters,605,"1942, January",1942
1611,Garfield Logan (New Earth),\/wiki\/Garfield_Logan_(New_Earth),Public Identity,Good Characters,Green Eyes,Green Hair,Male Characters,,Living Characters,595,"1965, November",1965
1479,Guy Gardner (New Earth),\/wiki\/Guy_Gardner_(New_Earth),Public Identity,Good Characters,Blue Eyes,Red Hair,Male Characters,,Living Characters,593,"1968, March",1968
1582,Victor Stone (New Earth),\/wiki\/Victor_Stone_(New_Earth),Public Identity,Good Characters,Brown Eyes,Black Hair,Male Characters,,Living Characters,584,"1980, October",1980
14006,Kon-El (New Earth),\/wiki\/Kon-El_(New_Earth),Secret Identity,Good Characters,Blue Eyes,Black Hair,Male Characters,,Living Characters,560,"1993, June",1993
1484,Ralph Dibny (New Earth),\/wiki\/Ralph_Dibny_(New_Earth),Public Identity,,Blue Eyes,Red Hair,Male Characters,,Deceased Characters,558,"1960, May",1960
23391,James Olsen (New Earth),\/wiki\/James_Olsen_(New_Earth),Public Identity,Good Characters,Green Eyes,Red Hair,Male Characters,,Living Characters,557,"1986, October",1986
1478,John Stewart (New Earth),\/wiki\/John_Stewart_(New_Earth),Public Identity,Good Characters,Brown Eyes,Black Hair,Male Characters,,Living Characters,549,"1971, December",1971
1455,Joker (New Earth),\/wiki\/Joker_(New_Earth),Secret Identity,Bad Characters,Green Eyes,Green Hair,Male Characters,,Living Characters,517,"1940, June",1940
10163,Franklin Rock (New Earth),\/wiki\/Franklin_Rock_(New_Earth),Public Identity,Good Characters,Blue Eyes,,Male Characters,,Living Characters,492,"1959, April",1959
1872,Garth (New Earth),\/wiki\/Garth_(New_Earth),Public Identity,Good Characters,Purple Eyes,Black Hair,Male Characters,,Deceased Characters,487,"1960, February",1960
1616,Rex Mason (New Earth),\/wiki\/Rex_Mason_(New_Earth),Secret Identity,,Black Eyes,,Male Characters,,Living Characters,470,"1965, January",1965
1577,Zatanna Zatara (New Earth),\/wiki\/Zatanna_Zatara_(New_Earth),Public Identity,Good Characters,Blue Eyes,Black Hair,Female Characters,,Living Characters,439,"1964, November",1964
6791,Aztar (New Earth),\/wiki\/Aztar_(New_Earth),Secret Identity,,White Eyes,,Male Characters,,Living Characters,436,"1940, February",1940
1481,Theodore Kord (New Earth),\/wiki\/Theodore_Kord_(New_Earth),Secret Identity,,Blue Eyes,Brown Hair,Male Characters,,Deceased Characters,429,"1986, February",1986
1559,Michael Jon Carter (New Earth),\/wiki\/Michael_Jon_Carter_(New_Earth),Public Identity,Good Characters,Blue Eyes,Blond Hair,Male Characters,,Living Characters,427,"1986, February",1986
1607,Cassandra Sandsmark (New Earth),\/wiki\/Cassandra_Sandsmark_(New_Earth),Public Identity,Good Characters,Blue Eyes,Blond Hair,Female Characters,,Living Characters,423,"1996, January",1996
1680,Kent Nelson (New Earth),\/wiki\/Kent_Nelson_(New_Earth),Secret Identity,Good Characters,Blue Eyes,Blond Hair,Male Characters,,Deceased Characters,422,"1940, May",1940
1662,Harvey Bullock (New Earth),\/wiki\/Harvey_Bullock_(New_Earth),Public Identity,Good Characters,Brown Eyes,Black Hair,Male Characters,,Living Characters,413,"1974, July",1974
1864,Rachel Roth (New Earth),\/wiki\/Rachel_Roth_(New_Earth),Secret Identity,Good Characters,Purple Eyes,Black Hair,Female Characters,,Living Characters,399,"1980, October",1980
37696,Helena Bertinelli (New Earth),\/wiki\/Helena_Bertinelli_(New_Earth),Secret Identity,Good Characters,Blue Eyes,Black Hair,Female Characters,,Living Characters,393,"1989, April",1989
1981,Wesley Dodds (New Earth),\/wiki\/Wesley_Dodds_(New_Earth),Secret Identity,Good Characters,Brown Eyes,Brown Hair,Male Characters,,Deceased Characters,391,"1939, April",1939
1514,Uxas (New Earth),\/wiki\/Uxas_(New_Earth),Public Identity,Bad Characters,Red Eyes,,Male Characters,,Deceased Characters,388,"1970, December",1970
1560,Nathaniel Adam (New Earth),\/wiki\/Nathaniel_Adam_(New_Earth),Secret Identity,Good Characters,Blue Eyes,White Hair,Male Characters,,Living Characters,386,"1987, March",1987
23652,Ronald Raymond (New Earth),\/wiki\/Ronald_Raymond_(New_Earth),Secret Identity,Good Characters,Blue Eyes,,Male Characters,,Living Characters,386,"1978, March",1978
2433,Red Tornado (New Earth),\/wiki\/Red_Tornado_(New_Earth),Secret Identity,Good Characters,Green Eyes,,Male Characters,,Living Characters,374,"1968, August",1968
1704,John Constantine (New Earth),\/wiki\/John_Constantine_(New_Earth),Public Identity,Good Characters,Blue Eyes,Blond Hair,Male Characters,Bisexual Characters,Living Characters,371,"1984, June",1984
1995,Albert Pratt (New Earth),\/wiki\/Albert_Pratt_(New_Earth),Secret Identity,Good Characters,Blue Eyes,Red Hair,Male Characters,,Deceased Characters,370,"1940, October",1940
1684,Charles McNider (New Earth),\/wiki\/Charles_McNider_(New_Earth),Secret Identity,,Blue Eyes,Blond Hair,Male Characters,,Deceased Characters,361,"1941, April",1941
1687,Theodore Knight (New Earth),\/wiki\/Theodore_Knight_(New_Earth),Secret Identity,Good Characters,Brown Eyes,Brown Hair,Male Characters,,Deceased Characters,356,"1941, April",1941
1564,Lobo (New Earth),\/wiki\/Lobo_(New_Earth),Public Identity,Neutral Characters,Red Eyes,Black Hair,Male Characters,,Living Characters,353,"1983, June",1983
1488,Perry White (New Earth),\/wiki\/Perry_White_(New_Earth),Public Identity,,Blue Eyes,Brown Hair,Male Characters,,Living Characters,350,"1986, October",1986
1554,John Henry Irons (New Earth),\/wiki\/John_Henry_Irons_(New_Earth),Public Identity,Good Characters,Brown Eyes,,Male Characters,,Living Characters,345,"1993, June",1993
1619,Jefferson Pierce (New Earth),\/wiki\/Jefferson_Pierce_(New_Earth),Secret Identity,Good Characters,Brown Eyes,,Male Characters,,Living Characters,344,"1977, April",1977
1549,Slade Wilson (New Earth),\/wiki\/Slade_Wilson_(New_Earth),Secret Identity,Neutral Characters,Blue Eyes,White Hair,Male Characters,,Living Characters,336,"1980, December",1980
1599,Phantom Stranger (New Earth),\/wiki\/Phantom_Stranger_(New_Earth),Secret Identity,,Black Eyes,Black Hair,Male Characters,,Living Characters,335,"1952, September",1952
1723,Beatriz da Costa (New Earth),\/wiki\/Beatriz_da_Costa_(New_Earth),Secret Identity,Good Characters,Green Eyes,Green Hair,Female Characters,,Living Characters,325,"1982, June",1982
1528,William Batson (New Earth),\/wiki\/William_Batson_(New_Earth),Secret Identity,Good Characters,Blue Eyes,Black Hair,Male Characters,,Living Characters,321,"1940, February",1940
1625,Carol Ferris (New Earth),\/wiki\/Carol_Ferris_(New_Earth),Public Identity,Neutral Characters,Blue Eyes,Black Hair,Female Characters,,Living Characters,319,"1959, October",1959
4030,Clifford Steele (New Earth),\/wiki\/Clifford_Steele_(New_Earth),Public Identity,,Photocellular Eyes,,Male Characters,,Living Characters,314,"1963, June",1963
3458,Etrigan (New Earth),\/wiki\/Etrigan_(New_Earth),Public Identity,Neutral Characters,Red Eyes,,Male Characters,,Living Characters,311,"1972, September",1972
39947,Jennifer-Lynn Hayden (New Earth),\/wiki\/Jennifer-Lynn_Hayden_(New_Earth),Secret Identity,Good Characters,Green Eyes,Green Hair,Female Characters,,Living Characters,309,"1983, September",1983
261362,Swamp Thing (New Earth),\/wiki\/Swamp_Thing_(New_Earth),Public Identity,Good Characters,Red Eyes,,Male Characters,,Living Characters,309,"1972, November",1972
8856,Renee Montoya (New Earth),\/wiki\/Renee_Montoya_(New_Earth),Secret Identity,Good Characters,Brown Eyes,Black Hair,Female Characters,Homosexual Characters,Living Characters,308,"1992, March",1992
1471,Harvey Dent (New Earth),\/wiki\/Harvey_Dent_(New_Earth),Public Identity,Bad Characters,Blue Eyes,Brown Hair,Male Characters,,Living Characters,306,"1942, August",1942
1696,Courtney Whitmore (New Earth),\/wiki\/Courtney_Whitmore_(New_Earth),Secret Identity,Good Characters,Blue Eyes,Blond Hair,Female Characters,,Living Characters,305,"1999, July",1999
1894,Kendra Saunders (New Earth),\/wiki\/Kendra_Saunders_(New_Earth),Secret Identity,Good Characters,Hazel Eyes,Brown Hair,Female Characters,,Deceased Characters,301,"1999, August",1999
1700,Michael Holt (New Earth),\/wiki\/Michael_Holt_(New_Earth),Secret Identity,,Brown Eyes,Black Hair,Male Characters,,Living Characters,300,"1997, June",1997
1825,Kilowog (New Earth),\/wiki\/Kilowog_(New_Earth),Public Identity,Good Characters,Red Eyes,,Male Characters,,Living Characters,299,"1986, June",1986
1870,Kara Zor-El (New Earth),\/wiki\/Kara_Zor-El_(New_Earth),Secret Identity,Good Characters,Blue Eyes,Blond Hair,Female Characters,,Living Characters,297,"2004, May",2004
7155,Jonah Hex (New Earth),\/wiki\/Jonah_Hex_(New_Earth),Public Identity,Good Characters,Blue Eyes,Blond Hair,Male Characters,,Deceased Characters,291,"1972, March",1972
1681,Rex Tyler (New Earth),\/wiki\/Rex_Tyler_(New_Earth),Secret Identity,Good Characters,Blue Eyes,Brown Hair,Male Characters,,Living Characters,288,"1940, March",1940
1464,Pamela Isley (New Earth),\/wiki\/Pamela_Isley_(New_Earth),Secret Identity,Neutral Characters,Green Eyes,Red Hair,Female Characters,,Living Characters,286,"1966, June",1966
1685,Pieter Cross (New Earth),\/wiki\/Pieter_Cross_(New_Earth),Secret Identity,Good Characters,Blue Eyes,Black Hair,Male Characters,,Living Characters,284,"1999, February",1999
1885,Jonathan L. Thunder (New Earth),\/wiki\/Jonathan_L._Thunder_(New_Earth),Secret Identity,Good Characters,Blue Eyes,Blond Hair,Male Characters,,Living Characters,282,"1940, January",1940
2657,Mari McCabe (New Earth),\/wiki\/Mari_McCabe_(New_Earth),Secret Identity,Good Characters,Amber Eyes,Brown Hair,Female Characters,,Living Characters,268,"1981, July",1981
1568,Scott Free (New Earth),\/wiki\/Scott_Free_(New_Earth),Secret Identity,Good Characters,Blue Eyes,Black Hair,Male Characters,,Living Characters,268,"1971, April",1971
173437,Martha Clark (New Earth),\/wiki\/Martha_Clark_(New_Earth),Public Identity,Good Characters,Blue Eyes,White Hair,Female Characters,,Living Characters,266,"1986, October",1986
1839,Boston Brand (New Earth),\/wiki\/Boston_Brand_(New_Earth),Secret Identity,Good Characters,Blue Eyes,,Male Characters,,Deceased Characters,262,"1967, October",1967
21110,Daniel Turpin (New Earth),\/wiki\/Daniel_Turpin_(New_Earth),Public Identity,,Brown Eyes,Brown Hair,Male Characters,,Deceased Characters,261,"1942, June",1942
13108,John Zatara (New Earth),\/wiki\/John_Zatara_(New_Earth),Secret Identity,Good Characters,Blue Eyes,Black Hair,Male Characters,,Deceased Characters,256,"1938, June",1938
24301,Jonathan Kent (New Earth),\/wiki\/Jonathan_Kent_(New_Earth),Public Identity,Good Characters,Blue Eyes,White Hair,Male Characters,,Deceased Characters,254,"1986, October",1986
1462,Oswald Cobblepot (New Earth),\/wiki\/Oswald_Cobblepot_(New_Earth),Public Identity,,Blue Eyes,Black Hair,Male Characters,,Living Characters,253,"1941, December",1941
1788,Tatsu Yamashiro (New Earth),\/wiki\/Tatsu_Yamashiro_(New_Earth),Secret Identity,Good Characters,Brown Eyes,Black Hair,Female Characters,,Living Characters,252,"1983, July",1983
4079,Lawrence Trainor (New Earth),\/wiki\/Lawrence_Trainor_(New_Earth),Secret Identity,Good Characters,Blue Eyes,Blond Hair,Male Characters,,Living Characters,250,"1963, June",1963
11039,Albert Rothstein (New Earth),\/wiki\/Albert_Rothstein_(New_Earth),Secret Identity,Good Characters,Blue Eyes,,Male Characters,,Living Characters,245,"1983, September",1983
1848,Brion Markov (New Earth),\/wiki\/Brion_Markov_(New_Earth),Secret Identity,Good Characters,Green Eyes,Strawberry Blond Hair,Male Characters,,Living Characters,245,"1983, July",1983
1866,Sanderson Hawkins (New Earth),\/wiki\/Sanderson_Hawkins_(New_Earth),Secret Identity,Good Characters,Blue Eyes,Blond Hair,Male Characters,,Living Characters,241,"1941, December",1941
1900,Jonathan Chambers (New Earth),\/wiki\/Jonathan_Chambers_(New_Earth),Secret Identity,Good Characters,Blue Eyes,Blond Hair,Male Characters,,Deceased Characters,239,"1941, September",1941
1547,Orion (New Earth),\/wiki\/Orion_(New_Earth),Public Identity,Good Characters,Blue Eyes,Strawberry Blond Hair,Male Characters,,Deceased Characters,237,"1971, March",1971
1585,Thaal Sinestro (New Earth),\/wiki\/Thaal_Sinestro_(New_Earth),Public Identity,Neutral Characters,Yellow Eyes,Black Hair,Male Characters,,Living Characters,237,"1961, August",1961
1494,Cassandra Cain (New Earth),\/wiki\/Cassandra_Cain_(New_Earth),Secret Identity,Good Characters,Brown Eyes,Black Hair,Female Characters,,Living Characters,235,"1999, July",1999
1445,Jason Todd (New Earth),\/wiki\/Jason_Todd_(New_Earth),Secret Identity,Neutral Characters,Blue Eyes,Black Hair,Male Characters,,Living Characters,235,"1987, June",1987
1483,Susan Dearbon (New Earth),\/wiki\/Susan_Dearbon_(New_Earth),Public Identity,Good Characters,,Black Hair,Female Characters,,Deceased Characters,235,"1961, March",1961
1468,Jean-Paul Valley (New Earth),\/wiki\/Jean-Paul_Valley_(New_Earth),Secret Identity,Good Characters,Blue Eyes,Blond Hair,Male Characters,,Deceased Characters,234,"1992, October",1992
14823,Hippolyta (New Earth),\/wiki\/Hippolyta_(New_Earth),Public Identity,Good Characters,Blue Eyes,Black Hair,Female Characters,,Living Characters,231,"1987, February",1987
1785,Joseph Wilson (New Earth),\/wiki\/Joseph_Wilson_(New_Earth),Secret Identity,Neutral Characters,Green Eyes,Blond Hair,Male Characters,,Living Characters,229,"1984, May",1984
1574,Bernhard Baker (New Earth),\/wiki\/Bernhard_Baker_(New_Earth),Secret Identity,Good Characters,Blue Eyes,Blond Hair,Male Characters,,Living Characters,229,"1965, September",1965
12766,Sylvester Pemberton (New Earth),\/wiki\/Sylvester_Pemberton_(New_Earth),Secret Identity,Good Characters,Blue Eyes,Black Hair,Male Characters,,Deceased Characters,229,"1941, October",1941
14002,Jesse Chambers (New Earth),\/wiki\/Jesse_Chambers_(New_Earth),Public Identity,Good Characters,Blue Eyes,Blond Hair,Female Characters,,Living Characters,228,"1992, August",1992
1645,Floyd Lawton (New Earth),\/wiki\/Floyd_Lawton_(New_Earth),Secret Identity,Neutral Characters,Blue Eyes,Brown Hair,Male Characters,,Living Characters,227,"1950, June",1950
12672,Mera (New Earth),\/wiki\/Mera_(New_Earth),Public Identity,,Blue Eyes,Red Hair,Female Characters,,Living Characters,226,"1963, October",1963
1897,Tora Olafsdotter (New Earth),\/wiki\/Tora_Olafsdotter_(New_Earth),Public Identity,Good Characters,Blue Eyes,White Hair,Female Characters,,Living Characters,225,"1988, April",1988
1522,George Harkness (New Earth),\/wiki\/George_Harkness_(New_Earth),Secret Identity,,Brown Eyes,Brown Hair,Male Characters,,Living Characters,224,"1960, December",1960
1606,Amanda Waller (New Earth),\/wiki\/Amanda_Waller_(New_Earth),Public Identity,Good Characters,Brown Eyes,Black Hair,Female Characters,,Living Characters,222,"1986, November",1986
1675,Jonathan Crane (New Earth),\/wiki\/Jonathan_Crane_(New_Earth),Public Identity,Bad Characters,Blue Eyes,Brown Hair,Male Characters,,Living Characters,222,"1941, September",1941
1519,Leonard Snart (New Earth),\/wiki\/Leonard_Snart_(New_Earth),Secret Identity,,Brown Eyes,Brown Hair,Male Characters,,Living Characters,219,"1957, June",1957
174276,Shiera Sanders (New Earth),\/wiki\/Shiera_Sanders_(New_Earth),Secret Identity,Good Characters,Brown Eyes,Red Hair,Female Characters,,Living Characters,219,"1940, January",1940
1953,Maxwell Lord IV (New Earth),\/wiki\/Maxwell_Lord_IV_(New_Earth),Public Identity,Neutral Characters,Black Eyes,Brown Hair,Male Characters,,Living Characters,218,"1987, May",1987
8056,Jeb Stuart (New Earth),\/wiki\/Jeb_Stuart_(New_Earth),Public Identity,Good Characters,Blue Eyes,Brown Hair,Male Characters,,Living Characters,218,"1961, May",1961
38764,Damian Wayne (Prime Earth),\/wiki\/Damian_Wayne_(Prime_Earth),Secret Identity,Good Characters,Blue Eyes,Black Hair,Male Characters,,Deceased Characters,216,"1987, September",1987
1557,Big Barda (New Earth),\/wiki\/Big_Barda_(New_Earth),Secret Identity,Good Characters,Blue Eyes,Black Hair,Female Characters,,Deceased Characters,216,"1971, October",1971
2698,Niles Caulder (New Earth),\/wiki\/Niles_Caulder_(New_Earth),Public Identity,Good Characters,Blue Eyes,Grey Hair,Male Characters,,Living Characters,214,"1963, June",1963
1868,James Corrigan (New Earth),\/wiki\/James_Corrigan_(New_Earth),Secret Identity,Good Characters,Blue Eyes,Red Hair,Male Characters,,Deceased Characters,214,"1940, February",1940
65039,Samuel Bradley (New Earth),\/wiki\/Samuel_Bradley_(New_Earth),Public Identity,Good Characters,Grey Eyes,Grey Hair,Male Characters,,Living Characters,213,"1937, March",1937
1682,Richard Tyler (New Earth),\/wiki\/Richard_Tyler_(New_Earth),Public Identity,Good Characters,Brown Eyes,Brown Hair,Male Characters,,Living Characters,212,"1985, November",1985
8049,James Ewell Brown Stuart (New Earth),\/wiki\/James_Ewell_Brown_Stuart_(New_Earth),Public Identity,Good Characters,,Brown Hair,Male Characters,,Deceased Characters,212,"1961, May",1961
1862,Todd Rice (New Earth),\/wiki\/Todd_Rice_(New_Earth),Public Identity,Good Characters,Brown Eyes,Brown Hair,Male Characters,Homosexual Characters,Living Characters,208,"1983, September",1983
13358,Yz (New Earth),\/wiki\/Yz_(New_Earth),Secret Identity,Good Characters,Red Eyes,,Male Characters,,Living Characters,207,"1940, January",1940
5384,Matrix (Pocket Universe),\/wiki\/Matrix_(Pocket_Universe),Public Identity,Good Characters,Blue Eyes,Blond Hair,Female Characters,,Living Characters,206,"1988, April",1988
64094,Wolfgang Winks (New Earth),\/wiki\/Wolfgang_Winks_(New_Earth),Public Identity,Good Characters,,Black Hair,Male Characters,,Living Characters,206,"1942, November",1942
7288,William Glenmorgan (New Earth),\/wiki\/William_Glenmorgan_(New_Earth),Public Identity,Good Characters,Blue Eyes,Black Hair,Male Characters,,Deceased Characters,199,"1940, June",1940
1453,Stephanie Brown (New Earth),\/wiki\/Stephanie_Brown_(New_Earth),Secret Identity,Good Characters,Blue Eyes,Blond Hair,Female Characters,,Living Characters,198,"1992, August",1992
1865,Raymond Terrill (New Earth),\/wiki\/Raymond_Terrill_(New_Earth),Secret Identity,Good Characters,Green Eyes,Red Hair,Male Characters,,Living Characters,192,"1992, February",1992
47056,Adam Blake (New Earth),\/wiki\/Adam_Blake_(New_Earth),Public Identity,Good Characters,Hazel Eyes,Brown Hair,Male Characters,,Living Characters,191,"1951, June",1951
1579,Kimiyo Hoshi (New Earth),\/wiki\/Kimiyo_Hoshi_(New_Earth),Secret Identity,,Black Eyes,Black Hair,Female Characters,,Living Characters,189,"1985, July",1985
1940,Jack Ryder (New Earth),\/wiki\/Jack_Ryder_(New_Earth),Secret Identity,Good Characters,Blue Eyes,Black Hair,Male Characters,,Living Characters,188,"1968, April",1968
1620,Vandar Adg (New Earth),\/wiki\/Vandar_Adg_(New_Earth),Public Identity,,Brown Eyes,Black Hair,Male Characters,,Living Characters,188,"1943, December",1943
11867,Justin Arthur (New Earth),\/wiki\/Justin_Arthur_(New_Earth),Secret Identity,Good Characters,Blue Eyes,Blond Hair,Male Characters,,Living Characters,184,"1941, September",1941
1434,Max Mercury (New Earth),\/wiki\/Max_Mercury_(New_Earth),Secret Identity,Good Characters,Blue Eyes,Grey Hair,Male Characters,,Living Characters,183,"1940, November",1940
16667,Abigail Arcane (New Earth),\/wiki\/Abigail_Arcane_(New_Earth),Public Identity,Good Characters,Blue Eyes,White Hair,Female Characters,,Living Characters,182,"1973, January",1973
8235,Thomas Haukins (New Earth),\/wiki\/Thomas_Haukins_(New_Earth),Secret Identity,Good Characters,Blue Eyes,Blond Hair,Male Characters,,Deceased Characters,181,"1947, June",1947
1658,Margaret Sawyer (New Earth),\/wiki\/Margaret_Sawyer_(New_Earth),Public Identity,,Blue Eyes,,Female Characters,Homosexual Characters,Living Characters,180,"1987, April",1987
37701,Waylon Jones (New Earth),\/wiki\/Waylon_Jones_(New_Earth),Public Identity,Bad Characters,Red Eyes,,Male Characters,,Living Characters,180,"1983, March",1983
12408,Travis Morgan (New Earth),\/wiki\/Travis_Morgan_(New_Earth),Public Identity,Good Characters,Blue Eyes,White Hair,Male Characters,,Deceased Characters,180,"1975, November",1975
1518,Gorilla Grodd (New Earth),\/wiki\/Gorilla_Grodd_(New_Earth),Public Identity,Bad Characters,Grey Eyes,Black Hair,Male Characters,,Living Characters,179,"1959, May",1959
4778,Talia al Ghul (New Earth),\/wiki\/Talia_al_Ghul_(New_Earth),Secret Identity,Bad Characters,Brown Eyes,Brown Hair,Female Characters,,Deceased Characters,177,"1971, May",1971
1829,Adam Strange (New Earth),\/wiki\/Adam_Strange_(New_Earth),Public Identity,,Blue Eyes,Blond Hair,Male Characters,,Living Characters,177,"1958, December",1958
11870,Patrick Dugan (New Earth),\/wiki\/Patrick_Dugan_(New_Earth),Secret Identity,Good Characters,Blue Eyes,Red Hair,Male Characters,,Living Characters,177,"1941, October",1941
1909,Daniel Cassidy (New Earth),\/wiki\/Daniel_Cassidy_(New_Earth),Secret Identity,Good Characters,Yellow Eyes,,Male Characters,,Living Characters,176,"1984, June",1984
327940,James Harper Clone (New Earth),\/wiki\/James_Harper_Clone_(New_Earth),Public Identity,Good Characters,Blue Eyes,Brown Hair,Male Characters,,Living Characters,176,"1971, January",1971
2736,Thomas Kalmaku (New Earth),\/wiki\/Thomas_Kalmaku_(New_Earth),Public Identity,Good Characters,Brown Eyes,Black Hair,Male Characters,,Living Characters,176,"1960, October",1960
13102,Gabrielle Doe (New Earth),\/wiki\/Gabrielle_Doe_(New_Earth),Secret Identity,Good Characters,Blue Eyes,Blond Hair,Female Characters,,Living Characters,175,"1983, July",1983
2606,Henry Hall (New Earth),\/wiki\/Henry_Hall_(New_Earth),Secret Identity,Good Characters,Red Eyes,Brown Hair,Male Characters,,Living Characters,175,"1968, June",1968
1717,Connor Hawke (New Earth),\/wiki\/Connor_Hawke_(New_Earth),Secret Identity,Good Characters,Green Eyes,Blond Hair,Male Characters,,Living Characters,174,"1994, October",1994
3628,Linda Park (New Earth),\/wiki\/Linda_Park_(New_Earth),Public Identity,,Brown Eyes,Black Hair,Female Characters,,Living Characters,174,"1989, July",1989
1583,Cyrus Gold (New Earth),\/wiki\/Cyrus_Gold_(New_Earth),Secret Identity,Bad Characters,Black Eyes,White Hair,Male Characters,,Deceased Characters,174,"1944, October",1944
1461,Edward Nashton (New Earth),\/wiki\/Edward_Nashton_(New_Earth),Public Identity,Neutral Characters,Blue Eyes,Black Hair,Male Characters,,Living Characters,173,"1988, January",1988
144959,Arisia Rrab (New Earth),\/wiki\/Arisia_Rrab_(New_Earth),Public Identity,Good Characters,Yellow Eyes,Blond Hair,Female Characters,,Living Characters,173,"1981, May",1981
11604,Robert Crane (New Earth),\/wiki\/Robert_Crane_(New_Earth),Secret Identity,Good Characters,Red Eyes,,Male Characters,,Living Characters,171,"1942, April",1942
3622,Joan Williams (New Earth),\/wiki\/Joan_Williams_(New_Earth),Public Identity,,Blue Eyes,Grey Hair,Female Characters,,Living Characters,171,"1940, January",1940
4895,William Magnus (New Earth),\/wiki\/William_Magnus_(New_Earth),Public Identity,Good Characters,Blue Eyes,Brown Hair,Male Characters,,Living Characters,170,"1962, April",1962
1566,Mary Batson (New Earth),\/wiki\/Mary_Batson_(New_Earth),Secret Identity,Good Characters,Blue Eyes,Brown Hair,Female Characters,,Living Characters,168,"1995, April",1995
1482,Jean Loring (New Earth),\/wiki\/Jean_Loring_(New_Earth),Public Identity,Bad Characters,Green Eyes,Black Hair,Female Characters,,Deceased Characters,168,"1961, October",1961
7585,Oberon (New Earth),\/wiki\/Oberon_(New_Earth),Public Identity,,Blue Eyes,White Hair,Male Characters,,Living Characters,167,"1971, April",1971
2612,Grant Emerson (New Earth),\/wiki\/Grant_Emerson_(New_Earth),Public Identity,Good Characters,Blue Eyes,Black Hair,Male Characters,,Deceased Characters,166,"1994, April",1994
3473,Rita Farr (New Earth),\/wiki\/Rita_Farr_(New_Earth),Secret Identity,Good Characters,Brown Eyes,Brown Hair,Female Characters,,Living Characters,166,"1963, June",1963
3719,Jason Rusch (New Earth),\/wiki\/Jason_Rusch_(New_Earth),Secret Identity,Good Characters,Brown Eyes,Black Hair,Male Characters,,Living Characters,165,"2004, July",2004
1679,Hector Hall (New Earth),\/wiki\/Hector_Hall_(New_Earth),Secret Identity,Good Characters,Blue Eyes,White Hair,Male Characters,,Deceased Characters,165,"1983, September",1983
10969,Mercury (New Earth),\/wiki\/Mercury_(New_Earth),Secret Identity,Good Characters,Photocellular Eyes,,Male Characters,,Living Characters,165,"1962, April",1962
4637,Jaime Reyes (New Earth),\/wiki\/Jaime_Reyes_(New_Earth),Secret Identity,Good Characters,Brown Eyes,Black Hair,Male Characters,,Living Characters,164,"2006, February",2006
9652,Platinum (New Earth),\/wiki\/Platinum_(New_Earth),Secret Identity,Good Characters,Photocellular Eyes,,Female Characters,,Living Characters,164,"1962, April",1962
11609,Andre Chavard (New Earth),\/wiki\/Andre_Chavard_(New_Earth),Public Identity,Good Characters,,Brown Hair,Male Characters,,Living Characters,164,"1942, June",1942
11871,Daniel Leong (New Earth),\/wiki\/Daniel_Leong_(New_Earth),Secret Identity,Good Characters,Black Eyes,Black Hair,Male Characters,,Deceased Characters,164,"1942, February",1942
13463,Vril Dox II (New Earth),\/wiki\/Vril_Dox_II_(New_Earth),Public Identity,Good Characters,Green Eyes,Blond Hair,Male Characters,,Living Characters,163,"1964, February",1964
12225,"Roy Raymond, Sr. (New Earth)","\/wiki\/Roy_Raymond,_Sr._(New_Earth)",Public Identity,Good Characters,Blue Eyes,Brown Hair,Male Characters,,Living Characters,163,"1949, November",1949
1798,Uncle Sam (New Earth),\/wiki\/Uncle_Sam_(New_Earth),Secret Identity,,Blue Eyes,White Hair,Male Characters,,Living Characters,162,"1940, July",1940
1858,Metron (New Earth),\/wiki\/Metron_(New_Earth),Secret Identity,Neutral Characters,Blue Eyes,Black Hair,Male Characters,,Deceased Characters,161,"1971, March",1971
9655,Iron (New Earth),\/wiki\/Iron_(New_Earth),Secret Identity,Good Characters,Photocellular Eyes,,Male Characters,,Living Characters,161,"1962, April",1962
9656,Lead (New Earth),\/wiki\/Lead_(New_Earth),Secret Identity,Good Characters,Photocellular Eyes,,Male Characters,,Living Characters,161,"1962, April",1962
1709,Lucas Carr (New Earth),\/wiki\/Lucas_Carr_(New_Earth),Public Identity,,Blue Eyes,Brown Hair,Male Characters,,Living Characters,161,"1960, March",1960
1597,Hartley Rathaway (New Earth),\/wiki\/Hartley_Rathaway_(New_Earth),Secret Identity,Good Characters,Blue Eyes,Red Hair,Male Characters,Homosexual Characters,Living Characters,160,"1959, May",1959
1450,Lana Lang (New Earth),\/wiki\/Lana_Lang_(New_Earth),Public Identity,Good Characters,Green Eyes,Red Hair,Female Characters,,Living Characters,159,"1986, October",1986
4430,Rose Wilson (New Earth),\/wiki\/Rose_Wilson_(New_Earth),Secret Identity,Good Characters,Blue Eyes,White Hair,Female Characters,,Living Characters,158,"1992, October",1992
2755,DeSaad (New Earth),\/wiki\/DeSaad_(New_Earth),Public Identity,Bad Characters,Black Eyes,Black Hair,Male Characters,,Living Characters,158,"1971, May",1971
31787,Charles Taine (Pre-Zero Hour),\/wiki\/Charles_Taine_(Pre-Zero_Hour),Secret Identity,Good Characters,Black Eyes,Black Hair,Male Characters,,Living Characters,158,"1961, May",1961
1463,Bane (New Earth),\/wiki\/Bane_(New_Earth),Secret Identity,Bad Characters,Brown Eyes,Brown Hair,Male Characters,,Living Characters,157,"1993, January",1993
2766,Salakk (New Earth),\/wiki\/Salakk_(New_Earth),Secret Identity,Good Characters,White Eyes,,Male Characters,,Living Characters,155,"1982, February",1982
9653,Tin (New Earth),\/wiki\/Tin_(New_Earth),Secret Identity,Good Characters,Photocellular Eyes,,Male Characters,,Living Characters,155,"1962, April",1962
17885,Samuel Morgan (New Earth),\/wiki\/Samuel_Morgan_(New_Earth),,Good Characters,,Red Hair,Male Characters,,Deceased Characters,155,"1937, March",1937
8734,Eve Eden (New Earth),\/wiki\/Eve_Eden_(New_Earth),Secret Identity,Neutral Characters,Blue Eyes,Blond Hair,Female Characters,,Living Characters,154,"1966, September",1966
1469,Harleen Quinzel (New Earth),\/wiki\/Harleen_Quinzel_(New_Earth),Public Identity,Bad Characters,Blue Eyes,Blond Hair,Female Characters,,Living Characters,153,"1999, October",1999
1835,Benjamin Turner (New Earth),\/wiki\/Benjamin_Turner_(New_Earth),Secret Identity,Neutral Characters,Brown Eyes,Black Hair,Male Characters,,Living Characters,153,"1975, May",1975
3656,Mark Mardon (New Earth),\/wiki\/Mark_Mardon_(New_Earth),Secret Identity,Bad Characters,Blue Eyes,Black Hair,Male Characters,,Living Characters,152,"1960, January",1960
1558,Teth-Adam (New Earth),\/wiki\/Teth-Adam_(New_Earth),Secret Identity,Neutral Characters,Brown Eyes,Black Hair,Male Characters,,Living Characters,152,"1945, December",1945
5315,Catherine Grant (New Earth),\/wiki\/Catherine_Grant_(New_Earth),Public Identity,Good Characters,Blue Eyes,Blond Hair,Female Characters,,Living Characters,151,"1987, January",1987
1699,Terrence Sloane (New Earth),\/wiki\/Terrence_Sloane_(New_Earth),Secret Identity,Good Characters,Blue Eyes,Brown Hair,Male Characters,,Deceased Characters,151,"1942, January",1942
51559,Jason Blood (New Earth),\/wiki\/Jason_Blood_(New_Earth),Public Identity,Good Characters,Blue Eyes,Red Hair,Male Characters,,Living Characters,148,"1972, September",1972
9654,Gold (New Earth),\/wiki\/Gold_(New_Earth),Secret Identity,Good Characters,Photocellular Eyes,,Male Characters,,Living Characters,147,"1962, April",1962
1708,Victor Fries (New Earth),\/wiki\/Victor_Fries_(New_Earth),Secret Identity,Bad Characters,Blue Eyes,,Male Characters,,Living Characters,143,"1959, February",1959
12024,Thomas Wayne (New Earth),\/wiki\/Thomas_Wayne_(New_Earth),Public Identity,Good Characters,Brown Eyes,Brown Hair,Male Characters,,Deceased Characters,142,"1987, February",1987
1840,Arthur Light (New Earth),\/wiki\/Arthur_Light_(New_Earth),Public Identity,Bad Characters,Black Eyes,Black Hair,Male Characters,,Deceased Characters,142,"1962, June",1962
37939,Lester Davis (New Earth),\/wiki\/Lester_Davis_(New_Earth),Public Identity,Good Characters,,Black Hair,Male Characters,,Living Characters,142,"1957, February",1957
1881,Artemis of Bana-Mighdall (New Earth),\/wiki\/Artemis_of_Bana-Mighdall_(New_Earth),Public Identity,Good Characters,Green Eyes,Red Hair,Female Characters,,Living Characters,141,"1994, September",1994
16146,Alanna Strange (New Earth),\/wiki\/Alanna_Strange_(New_Earth),Public Identity,Good Characters,Blue Eyes,Black Hair,Female Characters,,Living Characters,141,"1958, December",1958
22057,Nuidis Vulko (New Earth),\/wiki\/Nuidis_Vulko_(New_Earth),Public Identity,Good Characters,Blue Eyes,White Hair,Male Characters,,Living Characters,140,"1967, September",1967
24162,Steven Dayton (New Earth),\/wiki\/Steven_Dayton_(New_Earth),Secret Identity,Good Characters,Blue Eyes,Brown Hair,Male Characters,,Living Characters,140,"1964, November",1964
1800,Lee Travis (New Earth),\/wiki\/Lee_Travis_(New_Earth),Secret Identity,Good Characters,Black Eyes,Black Hair,Male Characters,,Deceased Characters,139,"1938, October",1938
13261,Martin Stein (New Earth),\/wiki\/Martin_Stein_(New_Earth),Secret Identity,Good Characters,Brown Eyes,Grey Hair,Male Characters,,Deceased Characters,138,"1978, March",1978
1853,Solis (New Earth),\/wiki\/Solis_(New_Earth),Secret Identity,,Blue Eyes,Strawberry Blond Hair,Male Characters,,Living Characters,138,"1971, March",1971
42572,Alfred Twidgett (New Earth),\/wiki\/Alfred_Twidgett_(New_Earth),Public Identity,,,,Male Characters,,Living Characters,137,"1942, June",1942
113540,Tubby Watts (New Earth),\/wiki\/Tubby_Watts_(New_Earth),,Good Characters,,Red Hair,Male Characters,,Living Characters,137,"1941, September",1941
10339,Unknown Soldier I (New Earth),\/wiki\/Unknown_Soldier_I_(New_Earth),Secret Identity,Good Characters,Blue Eyes,Blond Hair,Male Characters,,Deceased Characters,136,"1970, July",1970
1945,Giovanni Giuseppe (New Earth),\/wiki\/Giovanni_Giuseppe_(New_Earth),Secret Identity,Neutral Characters,Blue Eyes,Blond Hair,Male Characters,,Deceased Characters,136,"1960, July",1960
1716,Cynthia Reynolds (New Earth),\/wiki\/Cynthia_Reynolds_(New_Earth),Secret Identity,Good Characters,Blue Eyes,Black Hair,Female Characters,,Living Characters,134,"1984, October",1984
1660,Victoria Vale (New Earth),\/wiki\/Victoria_Vale_(New_Earth),Public Identity,Good Characters,Blue Eyes,Red Hair,Female Characters,,Living Characters,134,"1948, October",1948
1467,Lucius Fox (New Earth),\/wiki\/Lucius_Fox_(New_Earth),Public Identity,Good Characters,Brown Eyes,Black Hair,Male Characters,,Living Characters,133,"1979, January",1979
1846,Ganthet (New Earth),\/wiki\/Ganthet_(New_Earth),Public Identity,Good Characters,Green Eyes,White Hair,Male Characters,,Living Characters,132,1992,1992
1573,Izaya (New Earth),\/wiki\/Izaya_(New_Earth),Public Identity,Good Characters,Grey Eyes,White Hair,Male Characters,,Deceased Characters,132,"1971, March",1971
70786,Barbara Ann Minerva (New Earth),\/wiki\/Barbara_Ann_Minerva_(New_Earth),Public Identity,,Brown Eyes,,Female Characters,,Living Characters,131,"1987, August",1987
1603,Rory Regan (New Earth),\/wiki\/Rory_Regan_(New_Earth),Secret Identity,Good Characters,Blue Eyes,Brown Hair,Male Characters,,Living Characters,131,"1976, September",1976
1789,Eclipso (New Earth),\/wiki\/Eclipso_(New_Earth),Secret Identity,Bad Characters,Red Eyes,Black Hair,Male Characters,,Living Characters,131,"1963, July",1963
3610,Mick Rory (New Earth),\/wiki\/Mick_Rory_(New_Earth),Public Identity,,Blue Eyes,,Male Characters,,Living Characters,131,"1963, November",1963
32739,Kyle Morgan (New Earth),\/wiki\/Kyle_Morgan_(New_Earth),Public Identity,Good Characters,Brown Eyes,Blond Hair,Male Characters,,Living Characters,131,"1957, February",1957
37941,Matthew Ryan (New Earth),\/wiki\/Matthew_Ryan_(New_Earth),Public Identity,Good Characters,Blue Eyes,Red Hair,Male Characters,,Living Characters,131,"1957, February",1957
1830,Dinah Drake (New Earth),\/wiki\/Dinah_Drake_(New_Earth),Secret Identity,Good Characters,Blue Eyes,Black Hair,Female Characters,,Deceased Characters,131,"1947, August",1947
2607,Robert Langstrom (New Earth),\/wiki\/Robert_Langstrom_(New_Earth),Secret Identity,Neutral Characters,Brown Eyes,Brown Hair,Male Characters,,Living Characters,130,"1970, June",1970
6417,Sargent Steel (New Earth),\/wiki\/Sargent_Steel_(New_Earth),Public Identity,Good Characters,Blue Eyes,Brown Hair,Male Characters,,Living Characters,130,"1964, December",1964
6063,Victory (New Earth),\/wiki\/Victory_(New_Earth),,Good Characters,Black Eyes,White Hair,Male Characters,,Living Characters,130,"1941, September",1941
3680,Katma Tui (New Earth),\/wiki\/Katma_Tui_(New_Earth),Public Identity,Good Characters,,Black Hair,Female Characters,,Deceased Characters,129,"1964, July",1964
37934,Walter Haley (New Earth),\/wiki\/Walter_Haley_(New_Earth),Public Identity,Good Characters,Brown Eyes,Brown Hair,Male Characters,,Living Characters,129,"1957, February",1957
1569,Charles Victor Szasz (New Earth),\/wiki\/Charles_Victor_Szasz_(New_Earth),Secret Identity,Good Characters,Blue Eyes,Strawberry Blond Hair,Male Characters,,Deceased Characters,128,"1967, June",1967
5959,Ares (New Earth),\/wiki\/Ares_(New_Earth),Public Identity,Bad Characters,Red Eyes,Blond Hair,Male Characters,,Living Characters,127,"1987, February",1987
69033,Rip Carter (New Earth),\/wiki\/Rip_Carter_(New_Earth),Public Identity,Good Characters,,Black Hair,Male Characters,,Living Characters,127,"1942, June",1942
1843,Eradicator (New Earth),\/wiki\/Eradicator_(New_Earth),Public Identity,Good Characters,Photocellular Eyes,Black Hair,Male Characters,,Deceased Characters,126,"1989, May",1989
5302,Emil Hamilton (New Earth),\/wiki\/Emil_Hamilton_(New_Earth),Public Identity,Bad Characters,Hazel Eyes,Grey Hair,Male Characters,,Living Characters,126,"1987, January",1987
4874,Richard Swift (New Earth),\/wiki\/Richard_Swift_(New_Earth),Secret Identity,Neutral Characters,Grey Eyes,Black Hair,Male Characters,,Living Characters,126,"1942, September",1942
22705,Frederick Freeman (New Earth),\/wiki\/Frederick_Freeman_(New_Earth),Secret Identity,Good Characters,Blue Eyes,Black Hair,Male Characters,,Living Characters,125,"1995, May",1995
1904,Katar Hol (New Earth),\/wiki\/Katar_Hol_(New_Earth),Secret Identity,Good Characters,Blue Eyes,Black Hair,Male Characters,,Living Characters,125,"1989, August",1989
1702,Richard Occult (New Earth),\/wiki\/Richard_Occult_(New_Earth),Secret Identity,,Grey Eyes,Black Hair,Male Characters,,Living Characters,125,"1935, October",1935
1578,Maxima (New Earth),\/wiki\/Maxima_(New_Earth),Public Identity,Good Characters,Brown Eyes,Red Hair,Female Characters,,Deceased Characters,124,"1989, September",1989
2611,Dawn Granger (New Earth),\/wiki\/Dawn_Granger_(New_Earth),Secret Identity,Good Characters,Blue Eyes,White Hair,Female Characters,,Living Characters,124,"1988, October",1988
1970,Inza Cramer (New Earth),\/wiki\/Inza_Cramer_(New_Earth),Secret Identity,Good Characters,Green Eyes,Strawberry Blond Hair,Female Characters,,Deceased Characters,124,"1940, May",1940
1584,Linda Danvers (New Earth),\/wiki\/Linda_Danvers_(New_Earth),Secret Identity,Good Characters,Blue Eyes,Blond Hair,Female Characters,,Living Characters,123,"1996, September",1996
5336,Dubbilex (New Earth),\/wiki\/Dubbilex_(New_Earth),Public Identity,Good Characters,Green Eyes,,Male Characters,,Living Characters,123,"1971, March",1971
9907,Gunner MacKay (New Earth),\/wiki\/Gunner_MacKay_(New_Earth),Public Identity,Good Characters,Blue Eyes,Blond Hair,Male Characters,,Deceased Characters,123,"1959, May",1959
2609,Antonia Monetti (New Earth),\/wiki\/Antonia_Monetti_(New_Earth),Secret Identity,Good Characters,Blue Eyes,Black Hair,Female Characters,,Living Characters,122,"1996, October",1996
1693,Jack Knight (New Earth),\/wiki\/Jack_Knight_(New_Earth),Public Identity,Good Characters,Black Eyes,Black Hair,Male Characters,,Living Characters,122,"1994, September",1994
9039,Skeets (New Earth),\/wiki\/Skeets_(New_Earth),Public Identity,Good Characters,,,Male Characters,,Living Characters,122,"1986, February",1986
1791,Nimue Inwudu (New Earth),\/wiki\/Nimue_Inwudu_(New_Earth),Public Identity,Good Characters,Green Eyes,Black Hair,Female Characters,,Living Characters,121,"1978, February",1978
12290,Khaji Da (New Earth),\/wiki\/Khaji_Da_(New_Earth),Secret Identity,Good Characters,,,,,Living Characters,121,"1964, June",1964
9908,Sarge Clay (New Earth),\/wiki\/Sarge_Clay_(New_Earth),Public Identity,Good Characters,Blue Eyes,Strawberry Blond Hair,Male Characters,,Deceased Characters,121,"1959, May",1959
11851,Elizabeth Lawrence (New Earth),\/wiki\/Elizabeth_Lawrence_(New_Earth),Secret Identity,,Blue Eyes,Blond Hair,Female Characters,,Living Characters,120,"1942, December",1942
14503,Pallas Athena (New Earth),\/wiki\/Pallas_Athena_(New_Earth),Public Identity,Neutral Characters,Grey Eyes,Brown Hair,Female Characters,,Living Characters,118,"1958, May",1958
8335,Crispus Allen (New Earth),\/wiki\/Crispus_Allen_(New_Earth),Secret Identity,Good Characters,Brown Eyes,,Male Characters,,Deceased Characters,116,"2000, March",2000
1520,Evan McCulloch (New Earth),\/wiki\/Evan_McCulloch_(New_Earth),Secret Identity,Bad Characters,Brown Eyes,Brown Hair,Male Characters,,Living Characters,116,"1989, February",1989
47920,Terrence Long (New Earth),\/wiki\/Terrence_Long_(New_Earth),Public Identity,Good Characters,Blue Eyes,Red Hair,Male Characters,,Deceased Characters,116,"1981, June",1981
2776,Strata (New Earth),\/wiki\/Strata_(New_Earth),Public Identity,Good Characters,White Eyes,,Female Characters,,Living Characters,115,"1989, February",1989
1718,Granny Goodness (New Earth),\/wiki\/Granny_Goodness_(New_Earth),Public Identity,Bad Characters,Blue Eyes,White Hair,Female Characters,,Deceased Characters,115,"1971, June",1971
1841,Dolphin (New Earth),\/wiki\/Dolphin_(New_Earth),,Good Characters,Blue Eyes,Silver Hair,Female Characters,,Deceased Characters,115,"1968, December",1968
14510,Zeus (New Earth),\/wiki\/Zeus_(New_Earth),Public Identity,Neutral Characters,Blue Eyes,White Hair,Male Characters,,Living Characters,115,"1941, December",1941
10139,Holly Robinson (New Earth),\/wiki\/Holly_Robinson_(New_Earth),Secret Identity,Good Characters,Blue Eyes,Red Hair,Female Characters,Homosexual Characters,Living Characters,114,"1987, February",1987
38844,Martha Kane (New Earth),\/wiki\/Martha_Kane_(New_Earth),Public Identity,Good Characters,Blue Eyes,Black Hair,Female Characters,,Deceased Characters,113,"1987, February",1987
1845,Jason Woodrue (New Earth),\/wiki\/Jason_Woodrue_(New_Earth),Public Identity,Bad Characters,Red Eyes,Green Hair,Male Characters,,Living Characters,113,"1962, July",1962
16382,John Sargent (New Earth),\/wiki\/John_Sargent_(New_Earth),Secret Identity,Good Characters,Brown Eyes,Brown Hair,Male Characters,,Deceased Characters,113,"1941, May",1941
8107,Dian Belmont (New Earth),\/wiki\/Dian_Belmont_(New_Earth),Public Identity,Good Characters,Hazel Eyes,Brown Hair,Female Characters,,Deceased Characters,113,"1940, February",1940
6748,Edward Bloomberg (New Earth),\/wiki\/Edward_Bloomberg_(New_Earth),Secret Identity,Good Characters,Yellow Eyes,Grey Hair,Male Characters,,Deceased Characters,111,"1984, June",1984
13644,Leslie Thompkins (New Earth),\/wiki\/Leslie_Thompkins_(New_Earth),Public Identity,Good Characters,Blue Eyes,White Hair,Female Characters,,Living Characters,111,"1976, March",1976
6408,Tara Markov (Team Titans),\/wiki\/Tara_Markov_(Team_Titans),Secret Identity,Good Characters,Blue Eyes,Blond Hair,Female Characters,,Deceased Characters,110,1991,1991
4837,Dmitri Pushkin (New Earth),\/wiki\/Dmitri_Pushkin_(New_Earth),Secret Identity,Good Characters,Brown Eyes,Brown Hair,Male Characters,,Deceased Characters,110,"1987, February",1987
2762,June Moone (New Earth),\/wiki\/June_Moone_(New_Earth),Secret Identity,Good Characters,Green Eyes,Black Hair,Female Characters,,Living Characters,110,"1966, April",1966
1610,Mia Dearden (New Earth),\/wiki\/Mia_Dearden_(New_Earth),Secret Identity,Good Characters,Blue Eyes,Blond Hair,Female Characters,,Living Characters,109,"2001, May",2001
14454,Krypto (New Earth),\/wiki\/Krypto_(New_Earth),Secret Identity,Good Characters,Blue Eyes,White Hair,Male Characters,,Living Characters,109,"1955, March",1955
7230,Ohiyesa I (New Earth),\/wiki\/Ohiyesa_I_(New_Earth),Public Identity,Good Characters,Black Eyes,Black Hair,Male Characters,,Living Characters,109,"1949, September",1949
1792,Donald Richards (New Earth),\/wiki\/Donald_Richards_(New_Earth),Secret Identity,Good Characters,Brown Eyes,Brown Hair,Male Characters,,Deceased Characters,109,"1942, March",1942
1880,Zauriel (New Earth),\/wiki\/Zauriel_(New_Earth),Public Identity,Good Characters,Red Eyes,White Hair,Male Characters,,Living Characters,108,"1997, June",1997
2624,Leonid Kovar (New Earth),\/wiki\/Leonid_Kovar_(New_Earth),Secret Identity,Good Characters,Green Eyes,Blond Hair,Male Characters,,Living Characters,108,"1968, December",1968
1648,Thomas Blake (New Earth),\/wiki\/Thomas_Blake_(New_Earth),Secret Identity,Neutral Characters,Blue Eyes,Blond Hair,Male Characters,,Living Characters,108,"1963, January",1963
2702,Emily Briggs (New Earth),\/wiki\/Emily_Briggs_(New_Earth),Public Identity,Good Characters,Blue Eyes,Red Hair,Female Characters,,Living Characters,107,"1985, September",1985
2623,Lilith Clay (New Earth),\/wiki\/Lilith_Clay_(New_Earth),Secret Identity,Good Characters,Green Eyes,Strawberry Blond Hair,Female Characters,,Deceased Characters,107,"1970, February",1970
40081,Thomas Tresser (New Earth),\/wiki\/Thomas_Tresser_(New_Earth),Secret Identity,Good Characters,Blue Eyes,Blond Hair,Male Characters,,Living Characters,106,"1980, September",1980
45837,Hans von Hammer (New Earth),\/wiki\/Hans_von_Hammer_(New_Earth),Public Identity,Good Characters,Blue Eyes,Red Hair,Male Characters,,Living Characters,106,"1965, February",1965
8530,William Polk (New Earth),\/wiki\/William_Polk_(New_Earth),Secret Identity,Good Characters,Blue Eyes,Brown Hair,Male Characters,,Living Characters,106,"1948, February",1948
1914,Lyla Michaels (New Earth),\/wiki\/Lyla_Michaels_(New_Earth),Public Identity,Good Characters,Green Eyes,Blond Hair,Female Characters,,Deceased Characters,105,"1982, July",1982
14345,Bruce Gordon (New Earth),\/wiki\/Bruce_Gordon_(New_Earth),Public Identity,Good Characters,,Brown Hair,Male Characters,,Living Characters,105,"1963, July",1963
341732,Sugar Plumm (New Earth),\/wiki\/Sugar_Plumm_(New_Earth),,Good Characters,,Blond Hair,Female Characters,,Living Characters,105,"1956, May",1956
1470,Jervis Tetch (New Earth),\/wiki\/Jervis_Tetch_(New_Earth),Secret Identity,Bad Characters,Blue Eyes,Red Hair,Male Characters,,Living Characters,105,"1948, October",1948
80244,Enya Wazzo (New Earth),\/wiki\/Enya_Wazzo_(New_Earth),Secret Identity,Good Characters,Blue Eyes,Black Hair,Female Characters,,Living Characters,104,"1989, November",1989
1924,Werner Vertigo (New Earth),\/wiki\/Werner_Vertigo_(New_Earth),Secret Identity,Neutral Characters,Blue Eyes,Blond Hair,Male Characters,,Living Characters,104,"1978, July",1978
112409,Sapphire Stagg (New Earth),\/wiki\/Sapphire_Stagg_(New_Earth),,Neutral Characters,Blue Eyes,Blond Hair,Female Characters,,Living Characters,104,"1965, January",1965
18697,Zinda Blake (New Earth),\/wiki\/Zinda_Blake_(New_Earth),Secret Identity,Good Characters,Blue Eyes,Blond Hair,Female Characters,,Living Characters,104,"1959, February",1959
341733,Cecil Wilson (New Earth),\/wiki\/Cecil_Wilson_(New_Earth),,Good Characters,,Red Hair,Male Characters,,Living Characters,104,"1956, May",1956
14501,Aphrodite (New Earth),\/wiki\/Aphrodite_(New_Earth),Public Identity,Neutral Characters,Blue Eyes,Blond Hair,Female Characters,,Living Characters,104,"1941, December",1941
12204,Sarah Essen (New Earth),\/wiki\/Sarah_Essen_(New_Earth),Public Identity,Good Characters,Blue Eyes,Blond Hair,Female Characters,,Deceased Characters,103,"1987, March",1987
1643,Jade Nguyen (New Earth),\/wiki\/Jade_Nguyen_(New_Earth),Secret Identity,Bad Characters,Green Eyes,Black Hair,Female Characters,,Living Characters,103,"1983, August",1983
2645,Rip Hunter (New Earth),\/wiki\/Rip_Hunter_(New_Earth),Secret Identity,,Blue Eyes,Blond Hair,Male Characters,,Living Characters,103,"1959, June",1959
11879,Wing How (New Earth),\/wiki\/Wing_How_(New_Earth),Secret Identity,Good Characters,Brown Eyes,Black Hair,Male Characters,,Living Characters,103,"1938, October",1938
14753,Jack Drake (New Earth),\/wiki\/Jack_Drake_(New_Earth),,Good Characters,Black Eyes,Brown Hair,Male Characters,,Deceased Characters,102,"1989, August",1989
15618,Vril Dox I (New Earth),\/wiki\/Vril_Dox_I_(New_Earth),Secret Identity,Bad Characters,Green Eyes,,Male Characters,,Living Characters,102,"1988, March",1988
144550,Adolf Hitler (New Earth),\/wiki\/Adolf_Hitler_(New_Earth),Public Identity,Bad Characters,Brown Eyes,Brown Hair,Male Characters,,Deceased Characters,101,"1942, March",1942
1614,Grace Choi (New Earth),\/wiki\/Grace_Choi_(New_Earth),Secret Identity,Good Characters,Brown Eyes,Red Hair,Female Characters,Bisexual Characters,Living Characters,100,"2003, August",2003
10481,Lawrence Jordan (New Earth),\/wiki\/Lawrence_Jordan_(New_Earth),Secret Identity,,Brown Eyes,Brown Hair,Male Characters,,Deceased Characters,100,"1942, February",1942
1869,Natasha Irons (New Earth),\/wiki\/Natasha_Irons_(New_Earth),Public Identity,Good Characters,Brown Eyes,Black Hair,Female Characters,,Living Characters,99,"1994, February",1994
1797,Katherine Spencer (New Earth),\/wiki\/Katherine_Spencer_(New_Earth),Secret Identity,Good Characters,Blue Eyes,Black Hair,Female Characters,,Living Characters,98,"2004, October",2004
2780,Stealth (New Earth),\/wiki\/Stealth_(New_Earth),Secret Identity,Good Characters,Pink Eyes,White Hair,Female Characters,,Deceased Characters,98,"1989, February",1989
4170,Lorraine Reilly (New Earth),\/wiki\/Lorraine_Reilly_(New_Earth),Secret Identity,Good Characters,Blue Eyes,Red Hair,Female Characters,,Living Characters,98,"1982, June",1982
1623,Noah Kuttler (New Earth),\/wiki\/Noah_Kuttler_(New_Earth),Public Identity,Bad Characters,Green Eyes,Brown Hair,Male Characters,,Living Characters,98,"1976, September",1976
1903,Despero (New Earth),\/wiki\/Despero_(New_Earth),Public Identity,Bad Characters,Yellow Eyes,,Male Characters,,Living Characters,98,"1960, November",1960
69043,Jan Haasan (New Earth),\/wiki\/Jan_Haasan_(New_Earth),Public Identity,Good Characters,,Blond Hair,Male Characters,,Living Characters,98,"1942, June",1942
16693,Tef\u00e9 Holland (New Earth),\/wiki\/Tef%C3%A9_Holland_(New_Earth),,Bad Characters,Blue Eyes,White Hair,Female Characters,Bisexual Characters,Living Characters,97,"1989, December",1989
2085,Hippolyta Trevor (New Earth),\/wiki\/Hippolyta_Trevor_(New_Earth),Secret Identity,Good Characters,Blue Eyes,Blond Hair,Female Characters,,Deceased Characters,97,"1983, February",1983
1851,Jeffrey Franklin Burr (New Earth),\/wiki\/Jeffrey_Franklin_Burr_(New_Earth),Secret Identity,Bad Characters,Black Eyes,,Male Characters,,Deceased Characters,97,"1976, March",1976
16836,Bizarro (New Earth),\/wiki\/Bizarro_(New_Earth),Public Identity,Neutral Characters,Black Eyes,Black Hair,Male Characters,,Living Characters,96,"2000, September",2000
1850,Henry Henshaw (New Earth),\/wiki\/Henry_Henshaw_(New_Earth),Secret Identity,Bad Characters,Blue Eyes,Black Hair,Male Characters,,Living Characters,96,"1990, May",1990
27613,Charles Dickles (New Earth),\/wiki\/Charles_Dickles_(New_Earth),Public Identity,Good Characters,,,Male Characters,,Living Characters,96,"1941, June",1941
14777,Maxine Hunkel (New Earth),\/wiki\/Maxine_Hunkel_(New_Earth),Secret Identity,Good Characters,Green Eyes,Red Hair,Female Characters,,Living Characters,95,"2007, February",2007
1977,Dream (New Earth),\/wiki\/Dream_(New_Earth),Secret Identity,Neutral Characters,Black Eyes,Black Hair,Male Characters,,Deceased Characters,95,"1989, January",1989
1847,Wade Eiling (New Earth),\/wiki\/Wade_Eiling_(New_Earth),Public Identity,Bad Characters,Red Eyes,Brown Hair,Male Characters,,Living Characters,95,"1987, March",1987
1967,Black Manta (New Earth),\/wiki\/Black_Manta_(New_Earth),Secret Identity,Bad Characters,Brown Eyes,Black Hair,Male Characters,,Living Characters,95,"1967, October",1967
1921,Felix Faust (New Earth),\/wiki\/Felix_Faust_(New_Earth),Secret Identity,Bad Characters,Brown Eyes,Black Hair,Male Characters,,Living Characters,95,"1962, March",1962
11733,Virgil Hawkins (Dakotaverse),\/wiki\/Virgil_Hawkins_(Dakotaverse),Secret Identity,Good Characters,Brown Eyes,Black Hair,Male Characters,,Living Characters,94,"1993, June",1993
1713,James Harper (New Earth),\/wiki\/James_Harper_(New_Earth),Public Identity,Good Characters,Blue Eyes,Brown Hair,Male Characters,,Deceased Characters,94,"1942, April",1942
11164,Soranik Natu (New Earth),\/wiki\/Soranik_Natu_(New_Earth),Public Identity,Good Characters,Purple Eyes,Black Hair,Female Characters,,Living Characters,93,"2005, November",2005
1618,Anissa Pierce (New Earth),\/wiki\/Anissa_Pierce_(New_Earth),Secret Identity,Good Characters,Brown Eyes,Black Hair,Female Characters,Homosexual Characters,Living Characters,92,"2003, August",2003
1673,Roman Sionis (New Earth),\/wiki\/Roman_Sionis_(New_Earth),Public Identity,Bad Characters,Black Eyes,,Male Characters,,Deceased Characters,92,"1985, August",1985
39459,"Henry King, Jr. (New Earth)","\/wiki\/Henry_King,_Jr._(New_Earth)",Public Identity,Good Characters,Blue Eyes,Strawberry Blond Hair,Male Characters,,Living Characters,92,"1983, August",1983
1902,Orm Marius (New Earth),\/wiki\/Orm_Marius_(New_Earth),Secret Identity,Bad Characters,Brown Eyes,Brown Hair,Male Characters,,Living Characters,92,"1966, October",1966
1527,Citizen Abra (New Earth),\/wiki\/Citizen_Abra_(New_Earth),Secret Identity,Bad Characters,Blue Eyes,Black Hair,Male Characters,,Living Characters,92,"1962, May",1962
1826,Abin Sur (New Earth),\/wiki\/Abin_Sur_(New_Earth),Public Identity,Good Characters,Blue Eyes,,Male Characters,,Deceased Characters,92,"1959, October",1959
16274,Merlin (New Earth),\/wiki\/Merlin_(New_Earth),Secret Identity,Neutral Characters,Black Eyes,White Hair,Male Characters,,Living Characters,92,"1936, February",1936
1691,William Payton (New Earth),\/wiki\/William_Payton_(New_Earth),Secret Identity,Good Characters,Brown Eyes,Brown Hair,Male Characters,,Deceased Characters,91,"1988, October",1988
2742,Danette Reilly (New Earth),\/wiki\/Danette_Reilly_(New_Earth),Secret Identity,Good Characters,Blue Eyes,Red Hair,Female Characters,,Living Characters,91,"1981, August",1981
18276,Jonathan Tane (New Earth),\/wiki\/Jonathan_Tane_(New_Earth),Secret Identity,Good Characters,Blue Eyes,Blond Hair,Male Characters,,Deceased Characters,91,"1948, August",1948
17519,Ronald Troupe (New Earth),\/wiki\/Ronald_Troupe_(New_Earth),Public Identity,Good Characters,Brown Eyes,Black Hair,Male Characters,,Living Characters,90,"1991, July",1991
10235,William Storm (New Earth),\/wiki\/William_Storm_(New_Earth),Public Identity,Good Characters,Brown Eyes,Brown Hair,Male Characters,,Deceased Characters,90,"1964, June",1964
14508,Hermes (New Earth),\/wiki\/Hermes_(New_Earth),Public Identity,Neutral Characters,Blue Eyes,Blond Hair,Male Characters,,Living Characters,90,"1959, April",1959
1876,Timothy Hunter (New Earth),\/wiki\/Timothy_Hunter_(New_Earth),Public Identity,Good Characters,Black Eyes,Black Hair,Male Characters,,Living Characters,89,"1990, December",1990
69502,Taghurrhu (New Earth),\/wiki\/Taghurrhu_(New_Earth),Public Identity,Good Characters,Green Eyes,Orange Hair,Male Characters,,Living Characters,89,"1981, June",1981
1503,Sandra Wu-San (New Earth),\/wiki\/Sandra_Wu-San_(New_Earth),Secret Identity,Neutral Characters,Brown Eyes,Black Hair,Female Characters,,Living Characters,89,"1976, January",1976
1399,Eobard Thawne (New Earth),\/wiki\/Eobard_Thawne_(New_Earth),Secret Identity,Bad Characters,Blue Eyes,Strawberry Blond Hair,Male Characters,,Deceased Characters,89,"1963, September",1963
4858,William Zard (New Earth),\/wiki\/William_Zard_(New_Earth),Public Identity,Bad Characters,Blue Eyes,Black Hair,Male Characters,,Living Characters,89,"1947, April",1947
17524,Arnold Wesker (New Earth),\/wiki\/Arnold_Wesker_(New_Earth),Public Identity,Bad Characters,Blue Eyes,White Hair,Male Characters,,Deceased Characters,88,"1988, February",1988
177671,Philippus (New Earth),\/wiki\/Philippus_(New_Earth),Public Identity,Good Characters,Brown Eyes,Black Hair,Female Characters,,Living Characters,88,"1987, February",1987
1938,David Clinton (New Earth),\/wiki\/David_Clinton_(New_Earth),Secret Identity,,Blue Eyes,Black Hair,Male Characters,,Living Characters,88,"1962, November",1962
2604,Bobo T. Chimpanzee (New Earth),\/wiki\/Bobo_T._Chimpanzee_(New_Earth),,,Black Eyes,Black Hair,Male Characters,,Living Characters,88,"1952, August",1952
2620,Miriam Delgado (Team Titans),\/wiki\/Miriam_Delgado_(Team_Titans),Secret Identity,Good Characters,Black Eyes,Black Hair,Female Characters,,Living Characters,87,1991,1991
15333,Mister Bones (New Earth),\/wiki\/Mister_Bones_(New_Earth),Secret Identity,Neutral Characters,,,Male Characters,,Living Characters,87,"1985, July",1985
1689,Mikaal Tomas (New Earth),\/wiki\/Mikaal_Tomas_(New_Earth),Secret Identity,Good Characters,Blue Eyes,Purple Hair,Male Characters,Homosexual Characters,Living Characters,87,"1976, March",1976
1489,Peter Ross (New Earth),\/wiki\/Peter_Ross_(New_Earth),Public Identity,Good Characters,Blue Eyes,Blond Hair,Male Characters,,Living Characters,87,"1961, January",1961
1683,Matthew Tyler (New Earth),\/wiki\/Matthew_Tyler_(New_Earth),Public Identity,Good Characters,White Eyes,,Male Characters,,Deceased Characters,86,"1997, November",1997
39182,Suzanne King-Jones (New Earth),\/wiki\/Suzanne_King-Jones_(New_Earth),Secret Identity,Good Characters,Blue Eyes,Blond Hair,Female Characters,,Living Characters,86,"1997, August",1997
174719,Rosabelle Mendez (New Earth),\/wiki\/Rosabelle_Mendez_(New_Earth),Secret Identity,Good Characters,Red Eyes,,,,Deceased Characters,86,"1991, February",1991
22096,Sardath (New Earth),\/wiki\/Sardath_(New_Earth),Public Identity,Good Characters,Blue Eyes,,Male Characters,,Living Characters,86,"1958, December",1958
14511,Herakles (New Earth),\/wiki\/Herakles_(New_Earth),Public Identity,,Brown Eyes,Brown Hair,Male Characters,,Living Characters,86,"1941, December",1941
16376,Harold Thompson (New Earth),\/wiki\/Harold_Thompson_(New_Earth),Secret Identity,,Blue Eyes,Blond Hair,Male Characters,,Living Characters,86,"1938, June",1938
1895,Shayera Thal (New Earth),\/wiki\/Shayera_Thal_(New_Earth),Secret Identity,Good Characters,Blue Eyes,Red Hair,Female Characters,,Deceased Characters,85,"1989, August",1989
56388,Mallah (New Earth),\/wiki\/Mallah_(New_Earth),Secret Identity,Bad Characters,Brown Eyes,Brown Hair,Male Characters,Homosexual Characters,Deceased Characters,85,"1964, March",1964
2718,Congorilla (New Earth),\/wiki\/Congorilla_(New_Earth),Public Identity,Good Characters,Blue Eyes,Gold Hair,Male Characters,,Living Characters,85,"1959, January",1959
14118,Thomas Elliot (New Earth),\/wiki\/Thomas_Elliot_(New_Earth),Secret Identity,Bad Characters,Blue Eyes,Red Hair,Male Characters,,Living Characters,84,"2003, January",2003
1598,Greta Hayes (New Earth),\/wiki\/Greta_Hayes_(New_Earth),Secret Identity,Good Characters,Blue Eyes,Blond Hair,Female Characters,,Living Characters,84,"1998, June",1998
1906,Parallax (New Earth),\/wiki\/Parallax_(New_Earth),Secret Identity,Bad Characters,,,,,Living Characters,84,"1994, March",1994
153779,Julia Deneiros (New Earth),\/wiki\/Julia_Deneiros_(New_Earth),Public Identity,Good Characters,Blue Eyes,Grey Hair,Female Characters,,Living Characters,84,"1987, April",1987
143236,Etta Candy (New Earth),\/wiki\/Etta_Candy_(New_Earth),Public Identity,Good Characters,Green Eyes,Brown Hair,Female Characters,,Living Characters,84,"1942, February",1942
11872,Jonathan Law (New Earth),\/wiki\/Jonathan_Law_(New_Earth),Secret Identity,,Blue Eyes,Blond Hair,Male Characters,,Deceased Characters,84,"1941, October",1941
18466,Thomas Bronson (New Earth),\/wiki\/Thomas_Bronson_(New_Earth),Secret Identity,Good Characters,Blue Eyes,Black Hair,Male Characters,,Living Characters,83,"2007, February",2007
24160,Norda Cantrell (New Earth),\/wiki\/Norda_Cantrell_(New_Earth),Secret Identity,,White Eyes,Brown Hair,Male Characters,,Living Characters,83,"1983, September",1983
2610,Karen Beecher (New Earth),\/wiki\/Karen_Beecher_(New_Earth),Secret Identity,Good Characters,Brown Eyes,Black Hair,Female Characters,,Living Characters,83,"1976, December",1976
19791,Ellen Frazier (New Earth),\/wiki\/Ellen_Frazier_(New_Earth),Public Identity,Good Characters,Green Eyes,Red Hair,Female Characters,,Living Characters,83,"1965, September",1965
90828,Simon Stagg (New Earth),\/wiki\/Simon_Stagg_(New_Earth),Public Identity,Bad Characters,Blue Eyes,White Hair,Male Characters,,Living Characters,83,"1965, January",1965
35885,"Rex, the Wonder Dog (New Earth)","\/wiki\/Rex,_the_Wonder_Dog_(New_Earth)",Public Identity,Good Characters,Blue Eyes,White Hair,Male Characters,,Living Characters,83,"1952, February",1952
11169,Isamot Kol (New Earth),\/wiki\/Isamot_Kol_(New_Earth),Secret Identity,Good Characters,Yellow Eyes,,Male Characters,,Living Characters,82,"2005, November",2005
7581,Thomas Monaghan (New Earth),\/wiki\/Thomas_Monaghan_(New_Earth),Public Identity,Good Characters,Black Eyes,Black Hair,Male Characters,,Deceased Characters,82,1993,1993
11249,Tomar-Tu (New Earth),\/wiki\/Tomar-Tu_(New_Earth),Secret Identity,Good Characters,White Eyes,,Male Characters,,Living Characters,82,"1990, October",1990
2701,Kalibak (New Earth),\/wiki\/Kalibak_(New_Earth),Public Identity,Bad Characters,Red Eyes,Black Hair,Male Characters,,Deceased Characters,82,"1971, March",1971
49419,Drury Walker (New Earth),\/wiki\/Drury_Walker_(New_Earth),Secret Identity,Bad Characters,Red Eyes,Brown Hair,Male Characters,,Deceased Characters,82,"1951, February",1951
5443,Terrence Thirteen (New Earth),\/wiki\/Terrence_Thirteen_(New_Earth),Public Identity,Good Characters,Brown Eyes,Brown Hair,Male Characters,,Living Characters,82,"1951, November",1951
13011,Hannibal Hawkes (New Earth),\/wiki\/Hannibal_Hawkes_(New_Earth),Secret Identity,Good Characters,Black Eyes,Black Hair,Male Characters,,Living Characters,82,"1948, October",1948
1707,Circe (New Earth),\/wiki\/Circe_(New_Earth),Public Identity,Bad Characters,Red Eyes,Purple Hair,Female Characters,,Living Characters,81,"1988, August",1988
4814,Baran Flinders (New Earth),\/wiki\/Baran_Flinders_(New_Earth),Public Identity,Bad Characters,Blue Eyes,Red Hair,Male Characters,,Living Characters,81,"1981, January",1981
1794,Mark Shaw (New Earth),\/wiki\/Mark_Shaw_(New_Earth),Public Identity,Good Characters,Blue Eyes,Brown Hair,Male Characters,,Living Characters,81,"1975, August",1975
1703,Neal Emerson (New Earth),\/wiki\/Neal_Emerson_(New_Earth),Secret Identity,Bad Characters,Blue Eyes,Black Hair,Male Characters,,Deceased Characters,81,"1963, June",1963
15841,Cameron Chase (New Earth),\/wiki\/Cameron_Chase_(New_Earth),Secret Identity,Good Characters,Green Eyes,Blond Hair,Female Characters,,Living Characters,80,"1998, January",1998
23988,John Corben (New Earth),\/wiki\/John_Corben_(New_Earth),Secret Identity,Bad Characters,Photocellular Eyes,Brown Hair,Male Characters,,Living Characters,80,"1987, January",1987
153775,Vanessa Kapatelis (New Earth),\/wiki\/Vanessa_Kapatelis_(New_Earth),,Good Characters,Blue Eyes,Brown Hair,Female Characters,,Living Characters,80,"1987, April",1987
11438,Lian Harper (New Earth),\/wiki\/Lian_Harper_(New_Earth),Public Identity,Good Characters,Green Eyes,Black Hair,Female Characters,,Deceased Characters,80,"1986, June",1986
8012,Malcolm Duncan (New Earth),\/wiki\/Malcolm_Duncan_(New_Earth),Secret Identity,Good Characters,Brown Eyes,Black Hair,Male Characters,,Living Characters,80,"1970, April",1970
7041,Samuel Scudder (New Earth),\/wiki\/Samuel_Scudder_(New_Earth),Secret Identity,Bad Characters,Brown Eyes,Brown Hair,Male Characters,,Deceased Characters,80,"1959, March",1959
1492,Sasha Bordeaux (New Earth),\/wiki\/Sasha_Bordeaux_(New_Earth),Secret Identity,Good Characters,Blue Eyes,Black Hair,Female Characters,,Living Characters,79,"2000, December",2000
2660,L-Ron (New Earth),\/wiki\/L-Ron_(New_Earth),Public Identity,Good Characters,Photocellular Eyes,,Male Characters,,Living Characters,79,"1988, June",1988
28158,Rudolph Jones (New Earth),\/wiki\/Rudolph_Jones_(New_Earth),Secret Identity,Bad Characters,,,Male Characters,,Living Characters,79,"1987, April",1987
4899,Valentina Vostok (New Earth),\/wiki\/Valentina_Vostok_(New_Earth),Secret Identity,Good Characters,Blue Eyes,Blond Hair,Female Characters,,Deceased Characters,79,"1977, September",1977
1854,Paul Booker (New Earth),\/wiki\/Paul_Booker_(New_Earth),Secret Identity,Good Characters,Brown Eyes,Black Hair,Male Characters,,Deceased Characters,79,"1966, March",1966
7518,Abigail Hunkel (New Earth),\/wiki\/Abigail_Hunkel_(New_Earth),Secret Identity,Good Characters,Black Eyes,Brown Hair,Female Characters,,Living Characters,79,"1939, June",1939
17834,Cyril Saunders (New Earth),\/wiki\/Cyril_Saunders_(New_Earth),Public Identity,Good Characters,Hazel Eyes,White Hair,Male Characters,,Living Characters,79,"1937, March",1937
1891,Jakeem Williams (New Earth),\/wiki\/Jakeem_Williams_(New_Earth),Secret Identity,,Brown Eyes,,Male Characters,,Living Characters,79,,
1523,Owen Mercer (New Earth),\/wiki\/Owen_Mercer_(New_Earth),Secret Identity,Reformed Criminals,Blue Eyes,Red Hair,Male Characters,,Deceased Characters,78,"2004, October",2004
13336,Christopher Smith (New Earth),\/wiki\/Christopher_Smith_(New_Earth),Public Identity,Good Characters,Blue Eyes,Black Hair,Male Characters,,Living Characters,78,"1966, November",1966
1934,Roger Hayden (New Earth),\/wiki\/Roger_Hayden_(New_Earth),Secret Identity,Bad Characters,Blue Eyes,Red Hair,Male Characters,,Deceased Characters,78,"1965, June",1965
8818,Hector Hammond (New Earth),\/wiki\/Hector_Hammond_(New_Earth),Public Identity,Bad Characters,Blue Eyes,Brown Hair,Male Characters,,Living Characters,78,"1961, April",1961
1993,Lorena Marquez (New Earth),\/wiki\/Lorena_Marquez_(New_Earth),Secret Identity,Good Characters,Brown Eyes,Brown Hair,Female Characters,,Living Characters,77,"2004, May",2004
12149,Boodikka (New Earth),\/wiki\/Boodikka_(New_Earth),Public Identity,Good Characters,Green Eyes,Black Hair,Female Characters,,Deceased Characters,77,"1992, January",1992
5878,Samuel Lane (New Earth),\/wiki\/Samuel_Lane_(New_Earth),Public Identity,Bad Characters,Blue Eyes,Grey Hair,Male Characters,,Deceased Characters,77,"1987, January",1987
3996,"Thaddeus Sivana, Sr. (New Earth)","\/wiki\/Thaddeus_Sivana,_Sr._(New_Earth)",Public Identity,Bad Characters,Black Eyes,,Male Characters,,Living Characters,77,"1987, April",1987
4903,Joshua Clay (New Earth),\/wiki\/Joshua_Clay_(New_Earth),Secret Identity,,Brown Eyes,Black Hair,Male Characters,,Deceased Characters,77,"1977, September",1977
8809,Lashina (New Earth),\/wiki\/Lashina_(New_Earth),Secret Identity,Bad Characters,Blue Eyes,Black Hair,Female Characters,,Living Characters,77,"1972, February",1972
2708,Brain (New Earth),\/wiki\/Brain_(New_Earth),Secret Identity,Bad Characters,,,Male Characters,Homosexual Characters,Living Characters,77,"1964, March",1964
95201,Curtis Metcalf (Dakotaverse),\/wiki\/Curtis_Metcalf_(Dakotaverse),Secret Identity,Good Characters,Brown Eyes,Black Hair,Male Characters,,Living Characters,76,"1993, April",1993
36677,Brik (New Earth),\/wiki\/Brik_(New_Earth),Secret Identity,Good Characters,White Eyes,,Female Characters,,Living Characters,76,"1991, May",1991
19150,Adrian Chase (New Earth),\/wiki\/Adrian_Chase_(New_Earth),Public Identity,,Blue Eyes,Blond Hair,Male Characters,,Deceased Characters,76,"1982, September",1982
111450,Java (New Earth),\/wiki\/Java_(New_Earth),Public Identity,Bad Characters,Black Eyes,Black Hair,Male Characters,,Living Characters,76,"1965, January",1965
7103,Horace Canfield (New Earth),\/wiki\/Horace_Canfield_(New_Earth),Public Identity,Good Characters,,,Male Characters,,Living Characters,76,"1961, April",1961
15926,Captain Harding (New Earth),\/wiki\/Captain_Harding_(New_Earth),Public Identity,Good Characters,,Brown Hair,Male Characters,,Living Characters,76,"1956, February",1956
18743,Helena Sandsmark (New Earth),\/wiki\/Helena_Sandsmark_(New_Earth),Public Identity,Good Characters,Brown Eyes,Brown Hair,Female Characters,,Living Characters,75,"1996, January",1996
11942,Sarah Charles (New Earth),\/wiki\/Sarah_Charles_(New_Earth),Public Identity,Good Characters,Brown Eyes,Black Hair,Female Characters,,Living Characters,75,"1985, September",1985
11247,Tomar-Re (New Earth),\/wiki\/Tomar-Re_(New_Earth),Secret Identity,Good Characters,Red Eyes,,Male Characters,,Deceased Characters,75,"1961, June",1961
17913,"Richard Flag, Jr. (New Earth)","\/wiki\/Richard_Flag,_Jr._(New_Earth)",Secret Identity,Good Characters,Blue Eyes,Brown Hair,Male Characters,,Living Characters,75,"1959, September",1959
19703,Nathaniel Heywood (New Earth),\/wiki\/Nathaniel_Heywood_(New_Earth),Secret Identity,Good Characters,Green Eyes,Red Hair,Male Characters,,Living Characters,74,"2007, March",2007
2655,Hugh Dawkins (New Earth),\/wiki\/Hugh_Dawkins_(New_Earth),Secret Identity,Good Characters,White Eyes,Blond Hair,Male Characters,Homosexual Characters,Living Characters,74,"1986, November",1986
16733,Matthew Cable (New Earth),\/wiki\/Matthew_Cable_(New_Earth),Secret Identity,,,Black Hair,Male Characters,,Living Characters,74,"1972, November",1972
12382,Starro (New Earth),\/wiki\/Starro_(New_Earth),,Bad Characters,Black Eyes,,Male Characters,,Living Characters,74,"1960, March",1960
8260,Topo (New Earth),\/wiki\/Topo_(New_Earth),,Good Characters,,,Male Characters,,Living Characters,74,"1956, October",1956
1927,Winslow Schott (New Earth),\/wiki\/Winslow_Schott_(New_Earth),Public Identity,Bad Characters,Blue Eyes,,Male Characters,,Living Characters,74,"1943, September",1943
41263,Ultra-Humanite (New Earth),\/wiki\/Ultra-Humanite_(New_Earth),Secret Identity,,Red Eyes,White Hair,Male Characters,,Living Characters,74,"1939, June",1939
1671,Neron (New Earth),\/wiki\/Neron_(New_Earth),Secret Identity,Bad Characters,White Eyes,Blond Hair,Male Characters,,Living Characters,73,"1995, November",1995
1676,Victor Zsasz (New Earth),\/wiki\/Victor_Zsasz_(New_Earth),Public Identity,Bad Characters,Blue Eyes,Blond Hair,Male Characters,,Living Characters,73,"1992, June",1992
4888,Kay Challis (New Earth),\/wiki\/Kay_Challis_(New_Earth),Public Identity,Good Characters,Blue Eyes,Black Hair,Female Characters,,Living Characters,73,"1989, February",1989
5113,Roland Desmond (New Earth),\/wiki\/Roland_Desmond_(New_Earth),Public Identity,Bad Characters,Brown Eyes,Brown Hair,Male Characters,,Deceased Characters,73,"1965, November",1965
3648,Carl Sands (New Earth),\/wiki\/Carl_Sands_(New_Earth),Secret Identity,Bad Characters,Brown Eyes,Black Hair,Male Characters,,Living Characters,73,"1961, July",1961
40593,Dane Dorrance (New Earth),\/wiki\/Dane_Dorrance_(New_Earth),Public Identity,Good Characters,Brown Eyes,Brown Hair,Male Characters,,Living Characters,73,"1960, August",1960
10335,Flying Cloud (New Earth),\/wiki\/Flying_Cloud_(New_Earth),Public Identity,Good Characters,Brown Eyes,Brown Hair,Male Characters,,Deceased Characters,73,"1960, December",1960
31603,"Peter Merkel, Jr. (New Earth)","\/wiki\/Peter_Merkel,_Jr._(New_Earth)",Secret Identity,Bad Characters,Grey Eyes,Red Hair,Male Characters,,Living Characters,72,"2005, July",2005
2777,Garryn Bek (New Earth),\/wiki\/Garryn_Bek_(New_Earth),Public Identity,Good Characters,Blue Eyes,Brown Hair,Male Characters,,Living Characters,72,"1989, January",1989
17742,Jose Delgado (New Earth),\/wiki\/Jose_Delgado_(New_Earth),Secret Identity,Good Characters,Brown Eyes,Black Hair,Male Characters,,Living Characters,72,"1987, May",1987
5420,Mogo (New Earth),\/wiki\/Mogo_(New_Earth),Public Identity,Good Characters,,,Male Characters,,Living Characters,72,"1985, May",1985
2745,Cain (New Earth),\/wiki\/Cain_(New_Earth),Public Identity,Bad Characters,Black Eyes,Brown Hair,Male Characters,,Living Characters,72,"1968, August",1968
35472,Steven Trevor (New Earth),\/wiki\/Steven_Trevor_(New_Earth),Public Identity,Good Characters,Blue Eyes,Blond Hair,Male Characters,,Living Characters,72,"1941, December",1941
4779,Edgar Cizko (New Earth),\/wiki\/Edgar_Cizko_(New_Earth),Secret Identity,Bad Characters,Blue Eyes,Black Hair,Male Characters,,Living Characters,71,"1991, May",1991
2862,Louise Lincoln (New Earth),\/wiki\/Louise_Lincoln_(New_Earth),Public Identity,Bad Characters,Blue Eyes,Blue Hair,Female Characters,,Living Characters,71,"1984, March",1984
7694,Brian Savage (New Earth),\/wiki\/Brian_Savage_(New_Earth),Public Identity,Good Characters,Blue Eyes,Black Hair,Male Characters,,Deceased Characters,71,"1977, April",1977
7937,Thomas Oscar Morrow (New Earth),\/wiki\/Thomas_Oscar_Morrow_(New_Earth),Public Identity,Bad Characters,Blue Eyes,Brown Hair,Male Characters,,Living Characters,71,"1964, March",1964
1555,Amazo (New Earth),\/wiki\/Amazo_(New_Earth),Public Identity,Bad Characters,Red Eyes,,Male Characters,,Living Characters,71,"1960, July",1960
61438,Kingsley Faraday (New Earth),\/wiki\/Kingsley_Faraday_(New_Earth),Public Identity,Good Characters,Blue Eyes,White Hair,Male Characters,,Living Characters,70,"1950, August",1950
1565,Clifford Zmeck (New Earth),\/wiki\/Clifford_Zmeck_(New_Earth),Secret Identity,Bad Characters,Blue Eyes,Brown Hair,Male Characters,,Living Characters,69,"1988, February",1988
5266,Nabu (New Earth),\/wiki\/Nabu_(New_Earth),Public Identity,Good Characters,Blue Eyes,White Hair,Male Characters,,Deceased Characters,69,"1941, May",1941
113190,Bleez (New Earth),\/wiki\/Bleez_(New_Earth),Public Identity,Neutral Characters,Blue Eyes,Black Hair,Female Characters,,Living Characters,68,"2008, December",2008
173412,Hannu (New Earth),\/wiki\/Hannu_(New_Earth),Public Identity,Good Characters,White Eyes,,Male Characters,,Living Characters,68,"1994, February",1994
7576,Catherine Cobert (New Earth),\/wiki\/Catherine_Cobert_(New_Earth),,Good Characters,Blue Eyes,Black Hair,Female Characters,,Living Characters,68,"1987, December",1987
81146,Harry Stein (New Earth),\/wiki\/Harry_Stein_(New_Earth),Public Identity,Good Characters,Brown Eyes,Brown Hair,Male Characters,,Living Characters,68,"1985, November",1985
60567,Adeline Kane (New Earth),\/wiki\/Adeline_Kane_(New_Earth),Secret Identity,Neutral Characters,Green Eyes,Brown Hair,Female Characters,,Deceased Characters,68,"1983, August",1983
69315,Green Man (New Earth),\/wiki\/Green_Man_(New_Earth),Public Identity,,Red Eyes,,Male Characters,,Deceased Characters,68,"1983, May",1983
2618,Tara Markov (New Earth),\/wiki\/Tara_Markov_(New_Earth),Secret Identity,Bad Characters,Blue Eyes,Blond Hair,Female Characters,,Deceased Characters,68,"1982, December",1982
127582,Shakira (New Earth),\/wiki\/Shakira_(New_Earth),Public Identity,Good Characters,,Black Hair,Female Characters,,Living Characters,68,"1980, April",1980
64122,Tara Morgan (New Earth),\/wiki\/Tara_Morgan_(New_Earth),Public Identity,Good Characters,,Brown Hair,Female Characters,,Living Characters,68,"1975, November",1975
4862,Isaac Bowin (New Earth),\/wiki\/Isaac_Bowin_(New_Earth),Secret Identity,,Blue Eyes,,Male Characters,,Deceased Characters,68,"1948, January",1948
6968,Hop Harrigan (New Earth),\/wiki\/Hop_Harrigan_(New_Earth),Public Identity,Good Characters,Blue Eyes,Blond Hair,Male Characters,,Living Characters,68,"1939, April",1939
13339,Sonia Sato (New Earth),\/wiki\/Sonia_Sato_(New_Earth),Secret Identity,Good Characters,,Black Hair,Female Characters,,Living Characters,67,"2007, January",2007
11173,Vath Sarn (New Earth),\/wiki\/Vath_Sarn_(New_Earth),Public Identity,Good Characters,Black Eyes,Black Hair,Male Characters,,Living Characters,67,"2005, November",2005
1859,Mercy Graves (New Earth),\/wiki\/Mercy_Graves_(New_Earth),Public Identity,Bad Characters,Blue Eyes,Blond Hair,Female Characters,,Living Characters,67,"1999, August",1999
11848,Arnold Munro (New Earth),\/wiki\/Arnold_Munro_(New_Earth),Public Identity,Good Characters,Blue Eyes,Black Hair,Male Characters,,Living Characters,67,"1987, June",1987
11528,Bibbo Bibbowski (New Earth),\/wiki\/Bibbo_Bibbowski_(New_Earth),Public Identity,Good Characters,Grey Eyes,Grey Hair,Male Characters,,Living Characters,67,"1987, May",1987
1672,Jebediah of Canaan (New Earth),\/wiki\/Jebediah_of_Canaan_(New_Earth),Secret Identity,Good Characters,Blue Eyes,White Hair,Male Characters,,Living Characters,67,"1987, April",1987
4798,Lawrence Bolatinsky (New Earth),\/wiki\/Lawrence_Bolatinsky_(New_Earth),Secret Identity,Bad Characters,Blue Eyes,Black Hair,Male Characters,,Deceased Characters,67,"1984, November",1984
117854,Lydea Mallor (New Earth),\/wiki\/Lydea_Mallor_(New_Earth),Public Identity,Good Characters,Blue Eyes,Black Hair,Female Characters,,Living Characters,67,"1982, August",1982
5212,Tana Moon (New Earth),\/wiki\/Tana_Moon_(New_Earth),Public Identity,Good Characters,Brown Eyes,Black Hair,Female Characters,,Deceased Characters,66,"1993, June",1993
19788,Maxine Baker (New Earth),\/wiki\/Maxine_Baker_(New_Earth),Public Identity,Good Characters,Green Eyes,Red Hair,Female Characters,,Living Characters,66,"1988, September",1988
1521,Frances Kane (New Earth),\/wiki\/Frances_Kane_(New_Earth),Public Identity,,Blue Eyes,Purple Hair,Female Characters,,Living Characters,66,"1982, March",1982
11356,Jason Bard (New Earth),\/wiki\/Jason_Bard_(New_Earth),Public Identity,Good Characters,Brown Eyes,Brown Hair,Male Characters,,Living Characters,66,"1969, October",1969
1852,Krona (New Earth),\/wiki\/Krona_(New_Earth),Public Identity,Bad Characters,Green Eyes,White Hair,Male Characters,,Deceased Characters,66,"1965, October",1965
11858,Daniel Dunbar (New Earth),\/wiki\/Daniel_Dunbar_(New_Earth),Secret Identity,Good Characters,Blue Eyes,Red Hair,Male Characters,,Living Characters,66,"1942, March",1942
1647,Scandal Savage (New Earth),\/wiki\/Scandal_Savage_(New_Earth),Secret Identity,Bad Characters,Brown Eyes,Brown Hair,Female Characters,Homosexual Characters,Living Characters,65,"2005, July",2005
62317,Mackenzie Bock (New Earth),\/wiki\/Mackenzie_Bock_(New_Earth),Public Identity,Good Characters,Brown Eyes,,Male Characters,,Living Characters,65,"1995, January",1995
63742,Jeremiah Arkham (New Earth),\/wiki\/Jeremiah_Arkham_(New_Earth),Public Identity,Bad Characters,,,Male Characters,,Living Characters,65,"1992, June",1992
117843,Amon Hakk (New Earth),\/wiki\/Amon_Hakk_(New_Earth),Public Identity,Good Characters,,Black Hair,Male Characters,,Living Characters,65,"1991, August",1991
86563,Garv (New Earth),\/wiki\/Garv_(New_Earth),Public Identity,Good Characters,Blue Eyes,,Male Characters,,Living Characters,65,"1990, May",1990
3415,Karen Lou Faulkner (New Earth),\/wiki\/Karen_Lou_Faulkner_(New_Earth),Secret Identity,Neutral Characters,Brown Eyes,Brown Hair,Female Characters,Homosexual Characters,Living Characters,65,"1987, July",1987
1529,Albert Desmond (New Earth),\/wiki\/Albert_Desmond_(New_Earth),,,Green Eyes,Red Hair,Male Characters,,Living Characters,65,"1958, April",1958
30097,Kent V. Nelson (New Earth),\/wiki\/Kent_V._Nelson_(New_Earth),Secret Identity,Good Characters,Brown Eyes,Blond Hair,Male Characters,,Living Characters,64,"2007, November",2007
18180,Janos Prohaska (New Earth),\/wiki\/Janos_Prohaska_(New_Earth),Public Identity,Good Characters,Blue Eyes,Black Hair,Male Characters,,Living Characters,64,"1988, March",1988
21226,Edward Fyers (New Earth),\/wiki\/Edward_Fyers_(New_Earth),Public Identity,Good Characters,Blue Eyes,Brown Hair,Male Characters,,Living Characters,64,"1987, October",1987
33255,Mister Mxyzptlk (New Earth),\/wiki\/Mister_Mxyzptlk_(New_Earth),Secret Identity,Neutral Characters,Black Eyes,White Hair,Male Characters,,Living Characters,64,"1987, November",1987
19629,Jor-El (New Earth),\/wiki\/Jor-El_(New_Earth),Public Identity,Good Characters,Blue Eyes,Black Hair,Male Characters,,Deceased Characters,64,"1986, October",1986
13337,Yolanda Montez (New Earth),\/wiki\/Yolanda_Montez_(New_Earth),Secret Identity,Good Characters,Brown Eyes,Reddish Brown Hair,Female Characters,,Deceased Characters,64,"1985, March",1985
4425,William Randolph Wintergreen (New Earth),\/wiki\/William_Randolph_Wintergreen_(New_Earth),Public Identity,Neutral Characters,,White Hair,Male Characters,,Deceased Characters,64,"1980, December",1980
13691,William Hand (New Earth),\/wiki\/William_Hand_(New_Earth),Secret Identity,Bad Characters,Brown Eyes,Black Hair,Male Characters,,Living Characters,64,"1964, June",1964
144724,Molly Mayne (New Earth),\/wiki\/Molly_Mayne_(New_Earth),Secret Identity,Good Characters,Green Eyes,Red Hair,Female Characters,,Living Characters,64,"1947, September",1947
52340,Scribbly Jibbet (New Earth),\/wiki\/Scribbly_Jibbet_(New_Earth),Public Identity,Good Characters,,Black Hair,Male Characters,,Living Characters,64,"1939, April",1939
2605,Amy Winston (New Earth),\/wiki\/Amy_Winston_(New_Earth),Secret Identity,Good Characters,Violet Eyes,Blond Hair,Female Characters,,Living Characters,63,"1983, April",1983
17114,Charis-Nar (New Earth),\/wiki\/Charis-Nar_(New_Earth),Secret Identity,Good Characters,Black Eyes,,Male Characters,,Living Characters,63,"1981, June",1981
9901,Pooch (New Earth),\/wiki\/Pooch_(New_Earth),Public Identity,Good Characters,,White Hair,Male Characters,,Deceased Characters,63,"1959, September",1959
11611,Tex (New Earth),\/wiki\/Tex_(New_Earth),Public Identity,Good Characters,,Red Hair,Male Characters,,Living Characters,63,"1947, June",1947
4878,Clifford DeVoe (New Earth),\/wiki\/Clifford_DeVoe_(New_Earth),Secret Identity,Bad Characters,,Black Hair,Male Characters,,Deceased Characters,63,"1943, September",1943
2781,Klarion Bleak (New Earth),\/wiki\/Klarion_Bleak_(New_Earth),Secret Identity,Neutral Characters,Black Eyes,Black Hair,Male Characters,,Living Characters,62,"1973, March",1973
73382,Mark Merlin (New Earth),\/wiki\/Mark_Merlin_(New_Earth),Public Identity,Good Characters,Blue Eyes,Brown Hair,Male Characters,,Deceased Characters,62,"1959, August",1959
1497,Garfield Lynns (New Earth),\/wiki\/Garfield_Lynns_(New_Earth),Secret Identity,Bad Characters,Blue Eyes,White Hair,Male Characters,,Living Characters,62,"1952, June",1952
50010,David Reid (New Earth),\/wiki\/David_Reid_(New_Earth),Public Identity,Neutral Characters,Blue Eyes,Blond Hair,Male Characters,,Deceased Characters,61,"2008, March",2008
4789,Nanaue (New Earth),\/wiki\/Nanaue_(New_Earth),Secret Identity,Bad Characters,Black Eyes,,Male Characters,,Living Characters,61,"1994, October",1994
1946,Emil LaSalle (New Earth),\/wiki\/Emil_LaSalle_(New_Earth),Secret Identity,Bad Characters,Brown Eyes,Black Hair,Male Characters,,Deceased Characters,61,"1981, December",1981
3068,Clifford Carmichael (New Earth),\/wiki\/Clifford_Carmichael_(New_Earth),Secret Identity,Bad Characters,Brown Eyes,Brown Hair,Male Characters,,Deceased Characters,61,"1978, March",1978
11857,"Henry Heywood, Sr. (New Earth)","\/wiki\/Henry_Heywood,_Sr._(New_Earth)",Secret Identity,,Blue Eyes,Black Hair,Male Characters,,Deceased Characters,61,"1978, March",1978
14748,Morgaine le Fey (New Earth),\/wiki\/Morgaine_le_Fey_(New_Earth),Public Identity,Bad Characters,Black Eyes,Black Hair,Female Characters,,Living Characters,61,"1972, September",1972
63434,Francine Lee (New Earth),\/wiki\/Francine_Lee_(New_Earth),Public Identity,Good Characters,Brown Eyes,,Female Characters,,Living Characters,61,"1970, August",1970
4856,Per Degaton (New Earth),\/wiki\/Per_Degaton_(New_Earth),Secret Identity,Bad Characters,Red Eyes,Red Hair,Male Characters,,Living Characters,61,"1947, June",1947
5294,Roxanne Leech (New Earth),\/wiki\/Roxanne_Leech_(New_Earth),Public Identity,Good Characters,Blue Eyes,Blond Hair,Female Characters,,Living Characters,60,"1993, July",1993
2656,Paco Ramone (New Earth),\/wiki\/Paco_Ramone_(New_Earth),Public Identity,Good Characters,Brown Eyes,Brown Hair,Male Characters,,Deceased Characters,60,"1984, October",1984
2773,Bette Sans Souci (New Earth),\/wiki\/Bette_Sans_Souci_(New_Earth),Secret Identity,Bad Characters,Blue Eyes,Red Hair,Female Characters,,Living Characters,60,"1982, December",1982
12177,Chaselon (New Earth),\/wiki\/Chaselon_(New_Earth),Public Identity,,White Eyes,Black Hair,Male Characters,,Deceased Characters,60,"1961, December",1961
18907,Martha Roberts (New Earth),\/wiki\/Martha_Roberts_(New_Earth),Secret Identity,Good Characters,Brown Eyes,Brown Hair,Female Characters,,Deceased Characters,60,"1939, December",1939
147267,Ferrin Colos (New Earth),\/wiki\/Ferrin_Colos_(New_Earth),Public Identity,Good Characters,White Eyes,,Male Characters,,Deceased Characters,59,"1992, October",1992
4805,Angela Hawkins III (New Earth),\/wiki\/Angela_Hawkins_III_(New_Earth),Secret Identity,Bad Characters,Green Eyes,Black Hair,Female Characters,,Living Characters,59,"1981, December",1981
69672,Pren (New Earth),\/wiki\/Pren_(New_Earth),Secret Identity,Good Characters,Blue Eyes,Red Hair,Male Characters,,Deceased Characters,59,"1981, June",1981
60260,Simon Jones (New Earth),\/wiki\/Simon_Jones_(New_Earth),Public Identity,Bad Characters,White Eyes,,Male Characters,,Deceased Characters,59,"1981, January",1981
1454,Arthur Brown (New Earth),\/wiki\/Arthur_Brown_(New_Earth),,Bad Characters,Blue Eyes,Blond Hair,Male Characters,,Living Characters,59,"1966, May",1966
174205,Richard Starr (New Earth),\/wiki\/Richard_Starr_(New_Earth),Secret Identity,Good Characters,Blue Eyes,Black Hair,Male Characters,,Living Characters,59,"1958, August",1958
4869,Paula Brooks (New Earth),\/wiki\/Paula_Brooks_(New_Earth),Secret Identity,,Green Eyes,Black Hair,Female Characters,,Living Characters,59,"1947, August",1947
11843,Langford Terrill (New Earth),\/wiki\/Langford_Terrill_(New_Earth),Secret Identity,Good Characters,Blue Eyes,Blond Hair,Male Characters,,Living Characters,59,"1940, September",1940
65388,Ryan Kendall (New Earth),\/wiki\/Ryan_Kendall_(New_Earth),Secret Identity,Good Characters,Blue Eyes,Black Hair,Male Characters,,Deceased Characters,58,"1992, June",1992
1973,Death (New Earth),\/wiki\/Death_(New_Earth),Secret Identity,Neutral Characters,Black Eyes,Black Hair,Female Characters,,Living Characters,58,"1989, August",1989
4850,Cameron Mahkent (New Earth),\/wiki\/Cameron_Mahkent_(New_Earth),Secret Identity,Bad Characters,Blue Eyes,White Hair,Male Characters,,Living Characters,58,"1987, January",1987
7571,Irwin Schwab (New Earth),\/wiki\/Irwin_Schwab_(New_Earth),Secret Identity,Good Characters,Green Eyes,,Male Characters,,Living Characters,58,"1982, December",1982
4917,Trigon (New Earth),\/wiki\/Trigon_(New_Earth),Public Identity,Bad Characters,Red Eyes,Red Hair,Male Characters,,Living Characters,58,"1981, March",1981
8730,James Rook (New Earth),\/wiki\/James_Rook_(New_Earth),Secret Identity,Good Characters,Green Eyes,Brown Hair,Male Characters,,Living Characters,58,"1969, May",1969
1992,Tula (New Earth),\/wiki\/Tula_(New_Earth),Public Identity,,Blue Eyes,Brown Hair,Female Characters,,Deceased Characters,58,"1967, June",1967
2751,Chemo (New Earth),\/wiki\/Chemo_(New_Earth),Public Identity,Bad Characters,,,,,Living Characters,58,"1962, July",1962
9076,Roscoe Dillon (New Earth),\/wiki\/Roscoe_Dillon_(New_Earth),Secret Identity,Bad Characters,Blue Eyes,Brown Hair,Male Characters,,Deceased Characters,58,"1961, August",1961
9846,Ronald Reagan (New Earth),\/wiki\/Ronald_Reagan_(New_Earth),Public Identity,Good Characters,,Black Hair,Male Characters,,Living Characters,58,"1950, June",1950
5274,Jonathan Gabrielli I (New Earth),\/wiki\/Jonathan_Gabrielli_I_(New_Earth),Public Identity,Good Characters,Black Eyes,Black Hair,Male Characters,,Deceased Characters,58,"1942, April",1942
1587,Anita Fite (New Earth),\/wiki\/Anita_Fite_(New_Earth),Secret Identity,Good Characters,Brown Eyes,Black Hair,Female Characters,,Living Characters,57,"2000, January",2000
10570,Arak Red-Hand (New Earth),\/wiki\/Arak_Red-Hand_(New_Earth),Public Identity,Good Characters,Brown Eyes,Black Hair,Male Characters,,Deceased Characters,57,"1981, August",1981
14617,Anthony Ivo (New Earth),\/wiki\/Anthony_Ivo_(New_Earth),Secret Identity,Bad Characters,,Black Hair,Male Characters,,Living Characters,57,"1960, July",1960
5273,Anthony Rodriguez I (New Earth),\/wiki\/Anthony_Rodriguez_I_(New_Earth),Public Identity,Good Characters,Black Eyes,Brown Hair,Male Characters,,Deceased Characters,57,"1942, April",1942
1793,Paul Kirk II (New Earth),\/wiki\/Paul_Kirk_II_(New_Earth),Secret Identity,Good Characters,Blue Eyes,Brown Hair,Male Characters,,Deceased Characters,57,"1942, April",1942
5276,Thomas Thompkins I (New Earth),\/wiki\/Thomas_Thompkins_I_(New_Earth),Public Identity,Good Characters,,Brown Hair,Male Characters,,Deceased Characters,57,"1942, April",1942
14507,Hera (New Earth),\/wiki\/Hera_(New_Earth),Public Identity,Neutral Characters,Blue Eyes,Red Hair,Female Characters,,Living Characters,57,"1941, December",1941
12138,Graf Toren (New Earth),\/wiki\/Graf_Toren_(New_Earth),Secret Identity,Good Characters,,,Male Characters,,Living Characters,56,"1993, August",1993
5152,Baby Wildebeest (New Earth),\/wiki\/Baby_Wildebeest_(New_Earth),Public Identity,Good Characters,White Eyes,Black Hair,Male Characters,,Deceased Characters,56,"1992, April",1992
66420,Jennifer Morgan (New Earth),\/wiki\/Jennifer_Morgan_(New_Earth),Secret Identity,Good Characters,,Brown Hair,Female Characters,,Living Characters,56,"1980, October",1980
88731,Troy Stewart (Pre-Zero Hour),\/wiki\/Troy_Stewart_(Pre-Zero_Hour),Public Identity,Good Characters,Black Eyes,Black Hair,Male Characters,,Living Characters,56,"1976, April",1976
5275,Patrick MacGuire I (New Earth),\/wiki\/Patrick_MacGuire_I_(New_Earth),Public Identity,Good Characters,,Red Hair,Male Characters,,Living Characters,56,"1942, April",1942
53426,Atrocitus (New Earth),\/wiki\/Atrocitus_(New_Earth),Secret Identity,Neutral Characters,Yellow Eyes,,Male Characters,,Living Characters,55,"2008, January",2008
1889,Sebastian Faust (New Earth),\/wiki\/Sebastian_Faust_(New_Earth),Public Identity,Good Characters,Blue Eyes,Black Hair,Male Characters,,Living Characters,55,"1993, November",1993
117817,Voz (New Earth),\/wiki\/Voz_(New_Earth),Secret Identity,Good Characters,Brown Eyes,Brown Hair,Male Characters,,Living Characters,55,"1993, August",1993
62760,Stanley Kitch (New Earth),\/wiki\/Stanley_Kitch_(New_Earth),Public Identity,Good Characters,Blue Eyes,Blond Hair,Male Characters,,Living Characters,55,"1989, January",1989
1487,Henry Heywood III (New Earth),\/wiki\/Henry_Heywood_III_(New_Earth),Public Identity,Good Characters,Blue Eyes,Red Hair,Male Characters,,Deceased Characters,55,"1984, October",1984
88211,Yera Allon (Pre-Zero Hour),\/wiki\/Yera_Allon_(Pre-Zero_Hour),Public Identity,Good Characters,Purple Eyes,Purple Hair,Female Characters,,Living Characters,55,"1982, May",1982
4317,Mongul I (New Earth),\/wiki\/Mongul_I_(New_Earth),Public Identity,Bad Characters,Red Eyes,,Male Characters,,Deceased Characters,55,"1980, November",1980
2005,Anton Arcane (New Earth),\/wiki\/Anton_Arcane_(New_Earth),Public Identity,Bad Characters,Black Eyes,White Hair,Male Characters,,Deceased Characters,55,"1973, January",1973
149411,Randu Singh (New Earth),\/wiki\/Randu_Singh_(New_Earth),,Good Characters,,Black Hair,Male Characters,,Living Characters,55,"1972, September",1972
5423,Stel (New Earth),\/wiki\/Stel_(New_Earth),Public Identity,Good Characters,Photocellular Eyes,,Male Characters,,Living Characters,55,"1962, March",1962
40601,Judy Walton (New Earth),\/wiki\/Judy_Walton_(New_Earth),Public Identity,Good Characters,Blue Eyes,Blond Hair,Female Characters,,Living Characters,55,"1960, August",1960
40595,Nicholas Walton (New Earth),\/wiki\/Nicholas_Walton_(New_Earth),Public Identity,Good Characters,,Blond Hair,Male Characters,,Living Characters,55,"1960, August",1960
245864,Johnny Peril (New Earth),\/wiki\/Johnny_Peril_(New_Earth),Secret Identity,Good Characters,Blue Eyes,Blond Hair,Male Characters,,Living Characters,55,"1947, February",1947
164815,Shift (New Earth),\/wiki\/Shift_(New_Earth),Public Identity,Good Characters,Black Eyes,,Male Characters,,Living Characters,54,"2003, August",2003
80255,Michael Akins (New Earth),\/wiki\/Michael_Akins_(New_Earth),Public Identity,Neutral Characters,Brown Eyes,Black Hair,Male Characters,,Living Characters,54,"2001, January",2001
140650,Natt Walls (New Earth),\/wiki\/Natt_Walls_(New_Earth),Public Identity,Neutral Characters,Brown Eyes,Black Hair,Male Characters,,Deceased Characters,54,"1996, August",1996
5047,Carol Bucklen (New Earth),\/wiki\/Carol_Bucklen_(New_Earth),,Good Characters,Brown Eyes,Black Hair,Female Characters,,Living Characters,54,"1995, April",1995
2485,Jared Stevens (New Earth),\/wiki\/Jared_Stevens_(New_Earth),Public Identity,Good Characters,Blue Eyes,Black Hair,Male Characters,,Deceased Characters,54,"1994, October",1994
2775,Satanus (New Earth),\/wiki\/Satanus_(New_Earth),Secret Identity,Bad Characters,Red Eyes,Black Hair,Male Characters,,Living Characters,54,"1992, August",1992
4889,Danny the Street (New Earth),\/wiki\/Danny_the_Street_(New_Earth),Public Identity,Good Characters,,,Male Characters,,Living Characters,54,"1990, August",1990
24090,Alice Spencer (New Earth),\/wiki\/Alice_Spencer_(New_Earth),Public Identity,Good Characters,,White Hair,Female Characters,,Living Characters,54,"1987, May",1987
2785,Big Bear (New Earth),\/wiki\/Big_Bear_(New_Earth),Public Identity,Good Characters,Green Eyes,Red Hair,Male Characters,,Deceased Characters,54,"1971, March",1971
5439,Merlyn (New Earth),\/wiki\/Merlyn_(New_Earth),Secret Identity,Bad Characters,Black Eyes,Black Hair,Male Characters,,Living Characters,54,"1971, November",1971
25942,"Arthur Curry, Jr. (New Earth)","\/wiki\/Arthur_Curry,_Jr._(New_Earth)",Public Identity,Neutral Characters,Blue Eyes,Blond Hair,Male Characters,,Deceased Characters,54,"1965, October",1965
51016,Jennifer Pierce (New Earth),\/wiki\/Jennifer_Pierce_(New_Earth),Secret Identity,Good Characters,Brown Eyes,Black Hair,Female Characters,,Living Characters,53,"2008, March",2008
4780,Knockout (New Earth),\/wiki\/Knockout_(New_Earth),Secret Identity,Bad Characters,Blue Eyes,Red Hair,Female Characters,Bisexual Characters,Living Characters,53,"1994, February",1994
19714,Clifford Baker (New Earth),\/wiki\/Clifford_Baker_(New_Earth),Public Identity,,Green Eyes,Red Hair,Male Characters,,Deceased Characters,53,"1988, September",1988
61046,Daniel Chase (New Earth),\/wiki\/Daniel_Chase_(New_Earth),Secret Identity,Good Characters,Green Eyes,Red Hair,Male Characters,,Deceased Characters,53,1987,1987
1922,Danton Black (New Earth),\/wiki\/Danton_Black_(New_Earth),Secret Identity,Bad Characters,Blue Eyes,Black Hair,Male Characters,,Living Characters,53,"1978, March",1978
23000,Kanjar Ro (New Earth),\/wiki\/Kanjar_Ro_(New_Earth),Public Identity,Bad Characters,Yellow Eyes,,Male Characters,,Living Characters,53,"1961, March",1961
1892,Lori Zechlin (New Earth),\/wiki\/Lori_Zechlin_(New_Earth),Secret Identity,Neutral Characters,Blue Eyes,Black Hair,Female Characters,,Living Characters,52,"2005, January",2005
40065,Cody Driscoll (New Earth),\/wiki\/Cody_Driscoll_(New_Earth),Secret Identity,Good Characters,Green Eyes,Blond Hair,Male Characters,,Living Characters,52,"1996, October",1996
9049,Helena Kosmatos (New Earth),\/wiki\/Helena_Kosmatos_(New_Earth),Secret Identity,Good Characters,Red Eyes,Blond Hair,Female Characters,,Living Characters,52,"1987, March",1987
70553,Kalista (New Earth),\/wiki\/Kalista_(New_Earth),Public Identity,Good Characters,White Eyes,Purple Hair,Female Characters,,Deceased Characters,52,"1981, June",1981
11377,Beautiful Dreamer (New Earth),\/wiki\/Beautiful_Dreamer_(New_Earth),Secret Identity,Good Characters,Blue Eyes,Black Hair,Female Characters,,Deceased Characters,52,"1971, March",1971
40599,Biff Bailey (New Earth),\/wiki\/Biff_Bailey_(New_Earth),Public Identity,Good Characters,,Red Hair,Male Characters,,Living Characters,52,"1960, August",1960
1923,James Craddock (New Earth),\/wiki\/James_Craddock_(New_Earth),Public Identity,Bad Characters,Blue Eyes,Brown Hair,Male Characters,,Deceased Characters,52,"1947, October",1947
11333,Franklin Delano Roosevelt (New Earth),\/wiki\/Franklin_Delano_Roosevelt_(New_Earth),Public Identity,Good Characters,,Grey Hair,Male Characters,,Living Characters,52,"1936, March",1936
23831,Arkillo (New Earth),\/wiki\/Arkillo_(New_Earth),Public Identity,Bad Characters,Black Eyes,,Male Characters,,Living Characters,51,"2006, May",2006
8883,Katherine Kane (New Earth),\/wiki\/Katherine_Kane_(New_Earth),Secret Identity,Good Characters,Green Eyes,Red Hair,Female Characters,Homosexual Characters,Living Characters,51,"2006, June",2006
5304,Rex Leech (New Earth),\/wiki\/Rex_Leech_(New_Earth),Public Identity,Neutral Characters,Hazel Eyes,Brown Hair,Male Characters,,Living Characters,51,"1993, February",1993
118190,Jayne Payton (New Earth),\/wiki\/Jayne_Payton_(New_Earth),Public Identity,Neutral Characters,,Red Hair,Female Characters,,Living Characters,51,"1988, October",1988
13106,"Artemis, Goddess of the Hunt (New Earth)","\/wiki\/Artemis,_Goddess_of_the_Hunt_(New_Earth)",Public Identity,Neutral Characters,Blue Eyes,Red Hair,Female Characters,,Living Characters,51,"1987, February",1987
13072,Andrew Bennett (New Earth),\/wiki\/Andrew_Bennett_(New_Earth),Secret Identity,Good Characters,Red Eyes,Black Hair,Male Characters,,Living Characters,51,"1981, March",1981
63305,Machiste (New Earth),\/wiki\/Machiste_(New_Earth),Public Identity,Good Characters,Brown Eyes,,Male Characters,,Living Characters,51,"1976, April",1976
18070,Mark Moonrider (New Earth),\/wiki\/Mark_Moonrider_(New_Earth),Secret Identity,Good Characters,Blue Eyes,Black Hair,Male Characters,,Deceased Characters,51,"1971, March",1971
18074,Serifan (New Earth),\/wiki\/Serifan_(New_Earth),Secret Identity,Good Characters,Blue Eyes,Blond Hair,Male Characters,,Deceased Characters,51,"1971, March",1971
2754,Copperhead (New Earth),\/wiki\/Copperhead_(New_Earth),Secret Identity,Bad Characters,Brown Eyes,,